date,temperature_2m_mean,temperature_2m_max,temperature_2m_min,precipitation_sum
2015-01-01,13.87,18.75,10.61,1.00
2015-01-02,13.56,18.05,10.15,0.30
2015-01-03,13.61,18.05,10.06,0.00
2015-01-04,13.20,17.31,10.01,1.50
2015-01-05,13.45,18.00,9.26,0.00
2015-01-06,13.66,18.40,9.86,0.00
2015-01-07,13.80,18.50,10.01,0.00
2015-01-08,14.03,19.90,9.56,0.70
2015-01-09,13.59,17.45,10.65,3.70
2015-01-10,14.05,18.30,10.65,3.80
2015-01-11,14.07,19.25,10.61,0.70
2015-01-12,14.47,20.00,9.86,0.90
2015-01-13,14.31,18.85,10.70,0.60
2015-01-14,14.06,20.10,9.90,1.80
2015-01-15,14.43,19.80,9.95,3.40
2015-01-16,13.70,18.25,10.06,5.60
2015-01-17,13.25,18.20,8.15,3.60
2015-01-18,13.06,17.35,10.36,9.70
2015-01-19,13.40,18.15,10.95,11.20
2015-01-20,13.28,17.15,10.31,8.40
2015-01-21,13.54,18.50,10.51,12.70
2015-01-22,13.05,17.15,11.36,8.40
2015-01-23,13.31,18.20,10.40,11.10
2015-01-24,13.54,18.90,9.86,9.80
2015-01-25,13.78,18.10,10.65,2.30
2015-01-26,13.78,18.15,10.11,2.20
2015-01-27,13.57,18.15,10.06,6.20
2015-01-28,13.89,18.90,10.76,0.50
2015-01-29,13.79,17.80,11.06,1.50
2015-01-30,14.05,18.65,10.56,0.90
2015-01-31,13.55,18.65,9.70,5.10
2015-02-01,13.23,18.05,10.56,3.50
2015-02-02,13.68,17.40,10.56,1.50
2015-02-03,13.17,17.56,9.70,2.10
2015-02-04,14.12,18.10,10.95,1.60
2015-02-05,13.99,19.15,10.61,2.80
2015-02-06,13.24,16.56,9.86,9.10
2015-02-07,13.68,18.55,10.65,5.50
2015-02-08,13.80,18.75,10.61,9.20
2015-02-09,12.78,17.40,9.35,2.30
2015-02-10,13.37,17.50,10.31,1.10
2015-02-11,14.41,19.85,10.65,0.50
2015-02-12,14.34,19.70,9.90,0.80
2015-02-13,14.72,19.10,11.45,0.30
2015-02-14,13.83,18.70,11.36,4.90
2015-02-15,13.08,17.50,10.26,8.80
2015-02-16,14.13,19.45,9.81,0.80
2015-02-17,14.81,20.45,10.20,0.00
2015-02-18,14.71,20.55,9.26,0.30
2015-02-19,13.72,17.20,12.01,11.50
2015-02-20,14.47,19.30,10.36,0.20
2015-02-21,14.14,19.15,10.65,1.30
2015-02-22,13.87,17.90,10.40,1.10
2015-02-23,12.83,17.35,9.15,10.00
2015-02-24,13.39,17.60,10.40,4.20
2015-02-25,13.28,17.70,10.45,2.80
2015-02-26,13.81,19.05,10.51,8.10
2015-02-27,13.72,18.20,10.26,4.20
2015-02-28,13.46,17.95,9.51,2.10
2015-03-01,13.85,18.40,9.86,0.60
2015-03-02,13.63,18.60,10.86,13.00
2015-03-03,14.41,19.40,11.40,35.40
2015-03-04,14.12,19.15,10.81,17.20
2015-03-05,14.03,18.75,10.40,3.90
2015-03-06,13.58,17.35,10.15,8.00
2015-03-07,13.62,18.15,10.40,1.20
2015-03-08,14.17,18.35,10.95,0.70
2015-03-09,14.83,19.40,11.36,1.00
2015-03-10,15.29,19.25,12.65,2.20
2015-03-11,15.08,19.10,12.51,2.90
2015-03-12,15.05,20.30,11.20,1.60
2015-03-13,14.96,19.35,11.95,1.60
2015-03-14,14.90,19.70,11.61,1.10
2015-03-15,14.30,19.15,11.61,8.00
2015-03-16,14.76,19.90,11.31,30.20
2015-03-17,13.65,17.90,11.01,5.80
2015-03-18,13.50,16.95,10.95,11.50
2015-03-19,13.37,16.85,10.65,13.00
2015-03-20,10.70,13.01,8.85,35.00
2015-03-21,13.47,18.90,10.20,8.20
2015-03-22,11.95,15.36,8.85,9.80
2015-03-23,13.15,18.10,8.26,7.40
2015-03-24,14.37,19.35,11.51,14.40
2015-03-25,13.24,16.00,11.56,13.50
2015-03-26,13.32,18.80,10.45,6.40
2015-03-27,13.25,18.80,9.35,3.20
2015-03-28,13.71,19.00,11.06,12.50
2015-03-29,12.94,16.15,11.06,8.60
2015-03-30,13.10,18.15,8.76,5.90
2015-03-31,13.83,17.90,11.31,2.00
2015-04-01,13.82,19.10,10.56,2.10
2015-04-02,13.48,18.30,10.51,1.00
2015-04-03,14.21,19.90,9.60,3.80
2015-04-04,14.27,18.85,9.56,0.70
2015-04-05,13.97,19.15,11.11,7.60
2015-04-06,14.00,19.20,10.51,1.40
2015-04-07,13.76,18.35,10.06,0.90
2015-04-08,13.85,19.00,9.81,4.80
2015-04-09,14.09,18.30,10.76,0.40
2015-04-10,13.95,18.60,10.20,1.10
2015-04-11,13.92,18.55,10.36,10.70
2015-04-12,13.45,17.90,9.20,7.50
2015-04-13,13.75,18.55,8.95,1.00
2015-04-14,14.01,19.55,8.90,0.80
2015-04-15,14.04,20.15,10.40,7.60
2015-04-16,13.51,17.65,11.06,9.40
2015-04-17,13.46,17.70,10.95,8.10
2015-04-18,13.27,17.70,10.26,32.30
2015-04-19,13.74,18.85,10.51,7.10
2015-04-20,13.08,17.50,10.20,12.30
2015-04-21,13.08,16.20,10.90,9.70
2015-04-22,13.18,18.15,8.35,1.30
2015-04-23,13.35,17.60,10.06,2.10
2015-04-24,13.41,17.75,10.45,5.30
2015-04-25,12.97,16.45,10.01,3.60
2015-04-26,12.67,15.95,9.86,10.60
2015-04-27,12.60,16.35,9.06,4.90
2015-04-28,13.89,18.70,9.70,2.30
2015-04-29,13.61,17.70,9.95,3.70
2015-04-30,13.62,18.75,10.51,7.70
2015-05-01,13.56,18.30,10.15,5.20
2015-05-02,13.77,19.90,7.86,4.80
2015-05-03,13.65,17.40,11.01,9.80
2015-05-04,13.66,17.95,11.01,6.30
2015-05-05,13.26,16.56,10.86,6.70
2015-05-06,12.94,17.65,9.51,1.20
2015-05-07,13.54,18.40,9.35,0.90
2015-05-08,13.59,18.75,9.90,0.60
2015-05-09,13.56,17.60,9.60,0.40
2015-05-10,14.09,18.35,11.31,1.20
2015-05-11,13.76,17.95,10.76,3.60
2015-05-12,13.80,17.31,9.90,3.10
2015-05-13,14.36,19.65,10.70,5.20
2015-05-14,13.88,18.05,9.51,1.20
2015-05-15,14.26,19.55,11.06,2.50
2015-05-16,13.65,18.95,10.31,6.50
2015-05-17,13.30,18.55,8.85,2.80
2015-05-18,13.79,18.40,10.40,10.30
2015-05-19,13.49,17.90,9.76,5.20
2015-05-20,14.09,18.90,10.51,0.00
2015-05-21,13.41,18.55,9.90,1.10
2015-05-22,14.26,20.20,9.15,0.80
2015-05-23,13.34,17.50,9.15,1.90
2015-05-24,13.20,17.56,7.81,1.40
2015-05-25,13.48,19.20,9.20,3.30
2015-05-26,13.63,18.65,10.01,0.00
2015-05-27,13.40,17.56,9.01,1.50
2015-05-28,13.19,17.25,9.31,3.20
2015-05-29,13.37,18.05,9.15,2.50
2015-05-30,13.85,18.60,9.81,3.70
2015-05-31,13.66,18.40,9.56,2.50
2015-06-01,13.32,18.50,9.20,0.00
2015-06-02,13.49,19.35,8.20,0.00
2015-06-03,13.79,18.60,10.20,0.70
2015-06-04,12.01,16.00,8.56,3.00
2015-06-05,11.94,15.86,8.81,4.50
2015-06-06,13.06,18.00,8.90,0.70
2015-06-07,13.10,18.20,8.56,1.20
2015-06-08,12.84,16.35,10.06,3.70
2015-06-09,12.81,18.40,7.20,2.10
2015-06-10,12.82,17.20,9.95,4.10
2015-06-11,13.49,18.95,10.06,0.80
2015-06-12,13.04,18.15,7.91,0.20
2015-06-13,13.16,18.20,7.86,1.20
2015-06-14,13.38,19.60,8.76,4.80
2015-06-15,13.97,19.80,9.01,0.30
2015-06-16,13.12,17.95,8.56,0.50
2015-06-17,12.46,16.85,8.26,5.10
2015-06-18,12.51,16.31,9.51,2.20
2015-06-19,12.43,16.75,9.65,0.30
2015-06-20,11.71,14.65,9.51,3.30
2015-06-21,11.97,15.06,9.45,3.50
2015-06-22,12.27,17.90,7.26,0.00
2015-06-23,11.95,15.61,9.06,1.20
2015-06-24,11.89,15.06,10.01,4.90
2015-06-25,12.47,15.76,9.81,6.00
2015-06-26,11.78,16.25,8.95,0.80
2015-06-27,11.02,16.35,6.81,0.10
2015-06-28,11.64,16.70,7.20,0.70
2015-06-29,11.97,16.35,8.70,1.50
2015-06-30,12.92,19.55,7.26,0.00
2015-07-01,12.89,18.40,7.31,0.40
2015-07-02,12.51,18.15,7.16,0.80
2015-07-03,12.64,18.70,6.95,0.00
2015-07-04,13.12,18.35,9.01,0.50
2015-07-05,13.54,18.90,9.20,1.00
2015-07-06,13.61,17.70,10.81,1.10
2015-07-07,13.52,17.60,10.76,2.60
2015-07-08,13.57,18.40,9.81,0.20
2015-07-09,13.43,18.50,9.86,4.20
2015-07-10,12.69,17.50,8.65,1.90
2015-07-11,13.09,17.45,9.90,1.50
2015-07-12,12.62,16.35,9.35,3.60
2015-07-13,13.60,20.15,7.91,0.00
2015-07-14,13.88,20.65,8.51,0.30
2015-07-15,13.07,18.75,7.61,0.30
2015-07-16,12.77,18.40,7.95,0.30
2015-07-17,12.69,18.90,7.11,0.00
2015-07-18,11.76,15.86,7.91,1.90
2015-07-19,13.06,19.55,7.01,0.60
2015-07-20,13.79,19.80,8.35,0.00
2015-07-21,13.58,19.30,8.60,0.80
2015-07-22,11.82,15.26,9.31,5.60
2015-07-23,11.42,15.86,8.65,4.30
2015-07-24,12.56,18.75,7.70,0.00
2015-07-25,12.47,18.80,6.76,0.00
2015-07-26,12.42,18.15,7.41,0.00
2015-07-27,12.07,17.56,7.36,0.70
2015-07-28,12.92,17.40,9.56,2.30
2015-07-29,12.89,17.65,9.70,1.90
2015-07-30,12.17,16.90,9.06,2.40
2015-07-31,12.71,17.60,8.51,0.00
2015-08-01,12.77,18.65,6.70,0.00
2015-08-02,13.79,19.20,8.81,0.00
2015-08-03,13.30,19.40,8.15,0.00
2015-08-04,13.53,19.65,8.35,0.00
2015-08-05,13.35,19.05,9.10,1.20
2015-08-06,13.12,19.15,8.06,0.00
2015-08-07,13.96,20.40,7.26,0.00
2015-08-08,14.39,20.00,9.15,0.40
2015-08-09,13.94,19.05,9.76,2.50
2015-08-10,14.43,20.00,10.36,0.20
2015-08-11,13.72,19.95,8.60,1.30
2015-08-12,13.37,19.35,8.10,0.00
2015-08-13,13.74,19.75,9.26,0.00
2015-08-14,13.04,18.50,8.20,2.80
2015-08-15,13.16,16.75,9.86,3.20
2015-08-16,14.21,20.25,9.86,0.00
2015-08-17,13.09,17.95,9.01,1.70
2015-08-18,13.74,20.65,8.15,0.00
2015-08-19,12.93,18.65,7.76,0.20
2015-08-20,14.09,20.50,9.01,0.00
2015-08-21,13.91,19.80,8.56,0.00
2015-08-22,14.32,21.90,7.76,0.00
2015-08-23,13.86,19.95,8.20,0.00
2015-08-24,14.49,21.30,8.01,0.00
2015-08-25,14.07,20.30,8.81,0.10
2015-08-26,15.28,22.70,9.06,0.00
2015-08-27,15.06,22.15,8.90,0.00
2015-08-28,13.62,18.75,9.56,0.00
2015-08-29,13.09,17.56,9.90,2.20
2015-08-30,13.64,19.75,8.45,0.00
2015-08-31,13.56,19.35,7.76,0.00
2015-09-01,13.10,17.20,9.90,1.90
2015-09-02,13.40,18.70,9.56,0.30
2015-09-03,14.12,21.15,8.10,0.20
2015-09-04,14.19,21.60,7.91,0.00
2015-09-05,14.02,20.80,7.81,0.00
2015-09-06,14.44,20.50,8.35,0.20
2015-09-07,15.74,21.45,11.51,0.00
2015-09-08,15.54,22.20,9.86,0.00
2015-09-09,15.46,22.30,9.01,0.00
2015-09-10,15.51,22.55,8.85,0.00
2015-09-11,15.09,22.25,8.90,0.00
2015-09-12,14.48,22.00,7.70,0.00
2015-09-13,13.90,21.85,6.81,0.00
2015-09-14,13.68,21.85,6.56,0.00
2015-09-15,14.72,23.05,7.06,0.00
2015-09-16,15.29,22.65,8.35,0.10
2015-09-17,15.66,22.95,8.70,0.00
2015-09-18,15.52,21.00,10.15,0.80
2015-09-19,15.17,20.80,9.86,0.10
2015-09-20,14.74,21.50,10.01,3.10
2015-09-21,15.01,20.90,9.86,1.80
2015-09-22,15.57,21.95,9.45,0.00
2015-09-23,14.99,20.85,9.20,1.00
2015-09-24,14.72,19.80,9.56,0.80
2015-09-25,14.98,21.50,8.76,0.00
2015-09-26,15.07,21.10,9.26,0.20
2015-09-27,15.05,21.75,9.81,0.00
2015-09-28,14.92,20.95,10.15,0.40
2015-09-29,15.25,23.10,9.26,0.40
2015-09-30,14.91,20.35,10.90,3.10
2015-10-01,14.44,19.75,11.40,6.30
2015-10-02,14.69,20.70,10.11,1.10
2015-10-03,13.98,18.95,10.15,1.40
2015-10-04,13.10,17.10,10.11,3.50
2015-10-05,14.27,19.90,10.45,0.60
2015-10-06,14.43,20.35,9.15,0.30
2015-10-07,14.92,22.05,8.15,0.00
2015-10-08,15.28,21.30,10.01,1.10
2015-10-09,15.38,21.05,9.90,1.10
2015-10-10,14.96,20.10,11.01,2.20
2015-10-11,14.99,20.80,9.81,1.10
2015-10-12,15.26,21.50,10.31,0.70
2015-10-13,15.06,18.90,12.31,2.50
2015-10-14,14.64,19.60,11.26,15.80
2015-10-15,14.51,20.10,11.20,11.80
2015-10-16,13.59,18.10,11.11,8.70
2015-10-17,13.56,17.90,9.90,3.00
2015-10-18,13.37,17.95,8.95,1.40
2015-10-19,14.15,20.10,9.90,1.90
2015-10-20,13.39,18.70,9.81,1.80
2015-10-21,13.95,19.05,8.90,1.70
2015-10-22,14.45,19.60,9.31,1.40
2015-10-23,15.07,20.90,9.06,0.00
2015-10-24,14.38,20.05,8.51,0.70
2015-10-25,15.07,20.35,10.70,1.00
2015-10-26,14.96,20.30,10.90,0.20
2015-10-27,14.32,18.80,10.11,1.70
2015-10-28,14.48,19.05,10.01,1.00
2015-10-29,14.18,20.55,9.01,2.40
2015-10-30,14.77,20.15,10.45,1.30
2015-10-31,14.43,19.15,11.40,3.80
2015-11-01,13.27,17.10,11.36,7.00
2015-11-02,13.71,19.75,8.20,0.40
2015-11-03,14.51,19.55,10.65,0.00
2015-11-04,14.20,21.05,7.66,0.00
2015-11-05,14.69,20.25,11.76,3.50
2015-11-06,14.15,18.15,11.90,14.70
2015-11-07,13.57,18.50,11.11,15.50
2015-11-08,13.87,19.70,10.76,9.10
2015-11-09,13.65,18.65,10.90,7.70
2015-11-10,14.10,18.15,10.81,1.40
2015-11-11,14.30,19.90,8.76,0.20
2015-11-12,13.85,19.25,9.70,1.50
2015-11-13,14.50,19.70,9.20,0.70
2015-11-14,14.43,19.25,11.01,1.80
2015-11-15,14.57,20.00,10.86,1.90
2015-11-16,13.99,18.45,10.11,2.60
2015-11-17,13.94,18.75,10.95,6.80
2015-11-18,14.15,19.65,9.51,5.10
2015-11-19,14.43,18.85,9.70,2.20
2015-11-20,14.75,19.70,10.40,1.90
2015-11-21,14.94,20.40,10.20,1.10
2015-11-22,14.99,19.00,11.11,1.80
2015-11-23,14.47,18.85,10.86,2.90
2015-11-24,14.09,18.95,9.95,6.10
2015-11-25,14.35,19.10,10.51,1.70
2015-11-26,14.84,19.80,10.20,1.10
2015-11-27,14.86,20.15,10.40,1.10
2015-11-28,14.96,19.55,11.06,6.30
2015-11-29,15.58,20.10,11.90,0.50
2015-11-30,14.85,18.60,11.61,5.70
2015-12-01,14.55,18.40,11.76,9.10
2015-12-02,13.36,17.65,11.06,7.60
2015-12-03,14.28,20.65,8.40,0.00
2015-12-04,14.25,19.00,10.06,4.20
2015-12-05,14.69,20.40,11.26,1.40
2015-12-06,13.72,18.80,8.95,0.50
2015-12-07,14.26,19.45,9.65,2.50
2015-12-08,13.82,18.75,10.45,10.20
2015-12-09,13.96,18.30,10.86,2.00
2015-12-10,13.88,18.80,10.11,0.70
2015-12-11,13.90,19.10,8.65,0.00
2015-12-12,14.28,20.40,8.31,0.00
2015-12-13,14.86,20.95,9.20,0.00
2015-12-14,14.51,19.30,10.40,3.30
2015-12-15,13.23,16.75,9.95,2.50
2015-12-16,14.12,19.20,10.06,0.70
2015-12-17,14.27,19.40,9.90,0.10
2015-12-18,13.94,19.35,9.60,3.60
2015-12-19,14.05,18.80,9.76,2.70
2015-12-20,13.56,18.50,9.06,0.20
2015-12-21,13.26,18.00,8.56,0.40
2015-12-22,13.90,19.05,9.65,0.70
2015-12-23,14.47,20.00,9.86,0.40
2015-12-24,14.57,20.35,10.15,0.00
2015-12-25,14.61,20.30,9.45,0.00
2015-12-26,15.14,20.15,11.40,0.40
2015-12-27,15.23,20.00,11.86,0.00
2015-12-28,15.24,20.70,11.11,0.30
2015-12-29,15.22,20.75,10.95,0.00
2015-12-30,15.29,21.25,10.76,0.00
2015-12-31,15.42,20.80,11.06,2.60
2016-01-01,14.54,20.05,10.81,21.40
2016-01-02,13.83,17.65,10.56,15.30
2016-01-03,14.59,18.70,10.90,4.50
2016-01-04,13.81,18.30,10.95,7.10
2016-01-05,14.96,19.50,11.01,2.50
2016-01-06,15.17,19.50,11.86,1.90
2016-01-07,14.97,19.45,12.06,10.30
2016-01-08,13.37,16.31,10.76,15.60
2016-01-09,14.44,19.40,10.81,4.10
2016-01-10,14.49,19.10,12.31,9.90
2016-01-11,14.36,18.85,11.06,4.90
2016-01-12,14.43,18.65,10.70,3.70
2016-01-13,13.89,17.20,12.15,9.80
2016-01-14,15.02,20.00,10.70,1.30
2016-01-15,15.08,21.05,8.81,0.00
2016-01-16,15.46,21.90,10.45,0.00
2016-01-17,15.64,21.00,11.15,0.00
2016-01-18,15.21,20.60,11.20,0.60
2016-01-19,14.74,19.65,10.45,0.70
2016-01-20,14.34,18.95,11.26,4.00
2016-01-21,14.35,19.40,10.70,2.50
2016-01-22,14.72,18.95,11.65,8.00
2016-01-23,14.88,18.50,11.70,7.10
2016-01-24,14.29,20.35,9.90,6.90
2016-01-25,14.00,16.40,12.51,21.80
2016-01-26,14.84,20.05,9.70,1.70
2016-01-27,15.38,21.00,10.61,0.40
2016-01-28,14.94,20.90,9.15,0.40
2016-01-29,13.85,18.10,10.36,5.80
2016-01-30,13.81,18.45,11.06,8.10
2016-01-31,14.37,18.85,11.11,9.20
2016-02-01,14.47,19.00,10.65,1.10
2016-02-02,14.94,20.15,11.20,0.00
2016-02-03,14.21,19.35,9.86,3.60
2016-02-04,13.75,18.60,9.45,4.30
2016-02-05,15.17,19.90,12.31,0.10
2016-02-06,14.68,19.25,11.26,1.40
2016-02-07,15.06,19.60,12.20,0.50
2016-02-08,14.73,19.45,11.01,4.10
2016-02-09,14.65,17.45,12.20,9.00
2016-02-10,14.53,18.00,12.26,9.20
2016-02-11,14.02,18.20,11.86,10.20
2016-02-12,14.10,17.75,11.11,3.80
2016-02-13,14.38,20.10,10.65,8.00
2016-02-14,14.95,19.75,10.76,0.20
2016-02-15,14.98,19.05,11.65,1.40
2016-02-16,14.98,20.35,10.95,1.00
2016-02-17,14.83,19.95,11.06,1.80
2016-02-18,15.11,19.80,10.45,0.00
2016-02-19,15.50,21.80,10.61,0.00
2016-02-20,15.27,21.00,10.26,0.40
2016-02-21,15.29,20.15,12.11,2.90
2016-02-22,14.97,20.25,12.45,16.80
2016-02-23,14.57,18.95,12.11,3.50
2016-02-24,14.82,20.20,10.95,7.30
2016-02-25,15.08,19.25,11.76,3.20
2016-02-26,15.18,19.10,11.70,1.90
2016-02-27,15.64,20.70,12.61,0.90
2016-02-28,15.62,20.20,12.36,0.70
2016-02-29,15.60,20.30,12.45,1.70
2016-03-01,15.91,20.85,11.76,0.70
2016-03-02,15.82,20.85,11.45,1.20
2016-03-03,14.65,18.95,12.36,13.30
2016-03-04,15.01,19.55,11.76,17.20
2016-03-05,14.46,19.20,11.26,11.20
2016-03-06,14.77,19.75,9.35,1.40
2016-03-07,13.94,18.55,12.26,12.90
2016-03-08,14.66,19.50,11.51,10.10
2016-03-09,14.29,18.95,10.81,7.50
2016-03-10,14.82,18.70,11.65,5.00
2016-03-11,15.09,19.90,11.86,3.10
2016-03-12,14.58,17.70,12.56,8.40
2016-03-13,14.97,20.50,12.76,19.90
2016-03-14,15.03,20.10,12.20,9.40
2016-03-15,15.15,19.75,11.90,0.10
2016-03-16,14.70,19.75,10.90,1.00
2016-03-17,14.45,20.60,10.90,7.70
2016-03-18,14.49,18.65,11.11,1.00
2016-03-19,14.89,19.75,10.90,1.60
2016-03-20,15.19,19.80,11.45,0.90
2016-03-21,15.43,21.05,11.15,0.00
2016-03-22,15.21,20.40,11.31,1.40
2016-03-23,14.45,17.95,11.11,3.00
2016-03-24,14.93,20.10,10.76,0.60
2016-03-25,15.28,20.10,10.65,0.60
2016-03-26,14.88,19.70,10.51,3.00
2016-03-27,15.47,19.75,12.06,2.00
2016-03-28,14.77,18.90,11.11,5.90
2016-03-29,15.21,19.85,12.15,6.30
2016-03-30,15.34,20.35,12.36,10.00
2016-03-31,14.64,17.95,12.56,20.60
2016-04-01,14.15,17.80,12.11,11.50
2016-04-02,14.18,19.25,11.36,10.80
2016-04-03,13.62,17.35,11.36,13.00
2016-04-04,14.14,18.65,10.56,2.70
2016-04-05,14.78,20.05,11.51,8.30
2016-04-06,14.32,18.65,11.45,1.40
2016-04-07,15.02,19.65,10.45,0.80
2016-04-08,14.99,19.50,11.36,1.50
2016-04-09,15.09,19.95,11.45,3.00
2016-04-10,14.41,18.00,10.36,7.70
2016-04-11,14.33,18.90,10.40,5.50
2016-04-12,14.73,18.65,12.26,5.60
2016-04-13,15.10,19.35,12.86,8.10
2016-04-14,14.58,19.30,10.45,6.70
2016-04-15,14.72,19.50,11.81,6.60
2016-04-16,14.72,19.00,11.76,5.40
2016-04-17,14.88,19.90,12.06,1.70
2016-04-18,14.96,19.55,11.40,2.90
2016-04-19,14.85,20.50,9.90,0.00
2016-04-20,14.35,20.05,9.45,0.10
2016-04-21,14.44,19.55,9.65,0.40
2016-04-22,14.60,18.70,10.56,0.90
2016-04-23,15.18,20.45,12.11,8.60
2016-04-24,14.95,19.75,10.56,0.60
2016-04-25,14.87,19.95,9.10,0.10
2016-04-26,14.97,20.45,11.70,8.00
2016-04-27,14.76,19.40,10.36,1.30
2016-04-28,13.06,15.01,11.31,11.00
2016-04-29,14.03,18.40,11.15,3.80
2016-04-30,13.25,16.95,10.06,8.70
2016-05-01,13.44,17.15,10.51,7.00
2016-05-02,14.03,18.80,10.56,1.10
2016-05-03,13.80,18.75,9.35,0.00
2016-05-04,13.94,18.75,9.35,0.50
2016-05-05,14.30,18.60,10.95,5.10
2016-05-06,13.84,19.00,9.90,1.90
2016-05-07,14.13,19.60,10.15,6.30
2016-05-08,14.46,19.30,10.65,1.50
2016-05-09,14.36,18.75,11.15,2.70
2016-05-10,14.46,19.15,11.70,9.30
2016-05-11,13.93,19.20,9.31,1.30
2016-05-12,14.26,19.20,9.86,0.60
2016-05-13,14.24,18.70,10.51,0.40
2016-05-14,13.32,17.10,8.56,2.30
2016-05-15,14.41,19.10,11.11,1.40
2016-05-16,13.61,17.80,10.76,2.40
2016-05-17,14.11,18.60,9.60,0.50
2016-05-18,14.99,20.35,9.90,0.00
2016-05-19,15.20,20.60,10.51,0.10
2016-05-20,14.89,19.95,11.11,0.20
2016-05-21,14.71,20.00,10.36,0.40
2016-05-22,14.48,19.10,9.56,0.20
2016-05-23,15.20,20.05,11.70,0.20
2016-05-24,13.78,17.10,11.06,6.00
2016-05-25,14.69,18.90,10.45,5.40
2016-05-26,14.90,20.60,11.45,12.40
2016-05-27,14.22,19.40,10.36,0.30
2016-05-28,13.90,19.30,8.51,0.10
2016-05-29,13.80,18.40,10.31,0.80
2016-05-30,13.71,19.85,8.45,10.70
2016-05-31,13.33,19.15,7.51,2.20
2016-06-01,13.97,18.55,10.11,4.20
2016-06-02,13.67,17.75,10.90,6.50
2016-06-03,12.40,16.90,8.10,6.30
2016-06-04,13.61,17.31,10.06,9.20
2016-06-05,14.56,20.00,10.11,5.50
2016-06-06,12.66,15.06,10.26,9.50
2016-06-07,13.27,19.75,8.31,2.80
2016-06-08,12.90,17.10,9.86,0.30
2016-06-09,13.58,19.15,8.15,0.00
2016-06-10,12.81,17.85,7.95,0.60
2016-06-11,13.01,18.20,8.31,0.00
2016-06-12,12.40,17.60,7.91,0.10
2016-06-13,11.60,15.51,9.06,4.40
2016-06-14,12.13,16.85,8.01,0.90
2016-06-15,11.78,16.45,6.95,1.00
2016-06-16,11.67,15.51,9.56,5.30
2016-06-17,12.45,17.20,8.85,0.40
2016-06-18,11.72,16.40,8.70,4.00
2016-06-19,11.67,16.56,6.51,2.80
2016-06-20,12.00,15.56,9.76,5.70
2016-06-21,11.53,15.20,8.06,6.10
2016-06-22,11.03,15.15,8.06,5.80
2016-06-23,11.97,15.76,9.56,5.50
2016-06-24,12.21,16.85,9.15,2.80
2016-06-25,12.08,16.56,7.20,1.40
2016-06-26,12.77,17.45,9.20,0.00
2016-06-27,12.47,16.50,9.81,1.00
2016-06-28,13.05,17.20,10.20,4.60
2016-06-29,12.91,17.00,9.76,3.70
2016-06-30,12.10,16.60,7.06,0.50
2016-07-01,13.12,16.15,10.81,1.10
2016-07-02,12.19,15.15,9.70,2.30
2016-07-03,12.44,17.25,8.26,0.70
2016-07-04,13.30,17.90,9.90,4.20
2016-07-05,12.88,17.90,9.20,3.20
2016-07-06,12.52,17.90,7.56,0.20
2016-07-07,13.09,18.25,7.81,0.00
2016-07-08,13.13,17.85,9.40,0.10
2016-07-09,12.76,18.85,7.36,0.00
2016-07-10,12.73,17.45,8.85,1.40
2016-07-11,12.69,17.75,7.91,0.20
2016-07-12,12.98,18.05,8.20,0.60
2016-07-13,12.93,18.10,7.91,2.80
2016-07-14,13.37,17.85,9.01,1.60
2016-07-15,13.40,18.85,8.10,0.10
2016-07-16,13.32,18.95,7.31,0.00
2016-07-17,12.79,17.50,8.85,0.00
2016-07-18,12.98,19.10,7.36,0.00
2016-07-19,12.98,18.65,8.01,0.00
2016-07-20,11.12,15.40,7.51,1.90
2016-07-21,11.44,14.81,8.15,0.40
2016-07-22,11.88,16.45,8.20,2.10
2016-07-23,11.47,15.81,7.11,3.10
2016-07-24,12.99,18.30,8.10,0.60
2016-07-25,13.21,18.65,8.06,0.50
2016-07-26,12.97,18.75,7.95,0.20
2016-07-27,12.35,18.15,7.86,0.90
2016-07-28,12.15,16.25,8.81,2.30
2016-07-29,11.32,16.10,6.91,1.00
2016-07-30,11.68,16.10,7.36,1.00
2016-07-31,12.11,16.70,7.81,0.70
2016-08-01,11.95,17.90,6.41,0.00
2016-08-02,12.07,17.70,7.26,0.10
2016-08-03,11.64,16.75,7.31,0.70
2016-08-04,12.88,19.10,8.35,0.10
2016-08-05,13.46,19.70,8.01,0.10
2016-08-06,13.75,20.35,7.66,0.10
2016-08-07,13.38,18.80,10.11,4.80
2016-08-08,13.28,18.25,9.65,0.30
2016-08-09,12.97,18.45,7.26,0.90
2016-08-10,13.93,18.85,10.26,0.00
2016-08-11,12.62,17.50,8.51,1.70
2016-08-12,12.99,19.20,7.76,0.20
2016-08-13,12.88,19.40,7.20,0.00
2016-08-14,13.54,20.40,7.51,0.30
2016-08-15,14.31,21.20,8.26,0.00
2016-08-16,13.99,19.90,8.26,0.00
2016-08-17,14.29,20.60,9.01,0.00
2016-08-18,13.95,20.15,9.26,0.10
2016-08-19,13.83,20.45,8.35,2.90
2016-08-20,13.77,19.95,7.86,0.00
2016-08-21,13.65,20.25,6.95,0.00
2016-08-22,13.44,18.80,9.35,0.20
2016-08-23,13.22,20.30,7.56,0.00
2016-08-24,13.47,21.45,6.45,0.00
2016-08-25,13.53,21.05,7.11,0.00
2016-08-26,12.28,17.75,7.66,1.10
2016-08-27,14.01,21.10,8.51,0.70
2016-08-28,13.53,19.70,6.95,0.00
2016-08-29,14.78,20.70,9.26,0.70
2016-08-30,13.96,20.75,8.45,2.30
2016-08-31,13.42,18.95,9.40,1.70
2016-09-01,12.99,17.50,9.60,2.60
2016-09-02,14.61,20.20,9.56,0.90
2016-09-03,14.49,21.00,8.70,0.00
2016-09-04,13.96,19.65,8.01,0.40
2016-09-05,13.75,18.70,9.81,2.50
2016-09-06,13.83,20.15,8.81,0.60
2016-09-07,14.46,21.75,8.45,0.00
2016-09-08,14.48,21.50,8.15,0.10
2016-09-09,14.42,21.60,8.10,0.00
2016-09-10,13.90,20.15,8.26,0.00
2016-09-11,13.75,19.35,8.70,0.20
2016-09-12,14.75,21.90,8.51,0.00
2016-09-13,15.25,22.35,8.10,0.20
2016-09-14,14.77,20.55,10.26,3.60
2016-09-15,14.05,20.10,10.15,7.90
2016-09-16,13.90,19.60,7.36,1.40
2016-09-17,14.24,19.35,9.26,0.60
2016-09-18,14.24,19.35,9.60,1.50
2016-09-19,12.86,19.60,8.45,3.30
2016-09-20,13.27,18.25,8.15,0.10
2016-09-21,13.45,19.10,7.45,0.70
2016-09-22,14.09,20.45,8.10,0.20
2016-09-23,13.81,19.70,8.26,0.10
2016-09-24,13.21,17.60,10.01,3.20
2016-09-25,13.86,19.55,8.45,1.30
2016-09-26,14.26,19.60,9.06,1.10
2016-09-27,14.37,20.10,9.10,0.90
2016-09-28,13.85,19.75,8.95,1.60
2016-09-29,14.38,19.75,8.90,1.20
2016-09-30,14.30,19.05,9.20,0.80
2016-10-01,14.95,19.95,11.90,4.80
2016-10-02,13.05,15.90,11.76,7.50
2016-10-03,13.63,19.75,9.51,10.00
2016-10-04,13.68,19.00,10.70,6.40
2016-10-05,13.48,19.00,9.90,6.40
2016-10-06,14.54,19.85,10.45,1.50
2016-10-07,14.47,18.30,12.20,6.80
2016-10-08,13.84,18.75,7.51,0.90
2016-10-09,14.30,19.75,10.70,3.90
2016-10-10,14.30,18.50,11.06,9.80
2016-10-11,14.45,18.75,10.81,2.60
2016-10-12,14.90,19.10,9.70,2.00
2016-10-13,14.19,18.95,11.31,8.60
2016-10-14,14.27,20.40,8.90,1.40
2016-10-15,13.89,20.20,9.31,5.30
2016-10-16,13.76,20.10,8.51,5.80
2016-10-17,14.63,20.30,9.90,0.10
2016-10-18,14.20,19.30,9.76,0.50
2016-10-19,14.39,20.95,8.70,0.00
2016-10-20,14.41,20.75,7.95,0.00
2016-10-21,14.24,19.30,8.56,0.60
2016-10-22,14.39,19.45,9.31,1.30
2016-10-23,14.61,19.30,10.40,2.00
2016-10-24,14.39,19.45,9.45,2.00
2016-10-25,14.23,18.30,12.01,2.20
2016-10-26,14.81,20.65,10.06,0.20
2016-10-27,14.26,20.80,8.40,0.00
2016-10-28,9.85,12.90,6.86,11.00
2016-10-29,12.03,18.20,6.20,0.00
2016-10-30,14.01,19.85,8.51,0.00
2016-10-31,14.82,19.75,10.31,1.20
2016-11-01,14.83,20.05,11.45,4.00
2016-11-02,15.07,20.05,12.01,2.60
2016-11-03,14.68,20.15,11.15,0.90
2016-11-04,14.16,19.65,10.70,7.80
2016-11-05,14.11,19.15,10.56,2.60
2016-11-06,14.34,19.45,10.45,0.80
2016-11-07,13.95,19.90,8.10,0.80
2016-11-08,14.17,19.25,8.56,2.40
2016-11-09,15.36,20.15,11.26,0.60
2016-11-10,15.21,19.60,11.15,0.90
2016-11-11,15.32,20.35,12.90,6.00
2016-11-12,15.28,20.55,12.31,4.10
2016-11-13,14.76,20.35,12.40,8.90
2016-11-14,14.28,20.05,10.65,1.00
2016-11-15,14.33,20.25,9.45,0.90
2016-11-16,14.79,20.80,9.95,0.00
2016-11-17,14.80,20.75,9.86,0.40
2016-11-18,15.20,20.30,11.70,2.70
2016-11-19,14.63,19.35,12.31,4.00
2016-11-20,14.12,20.25,9.01,0.00
2016-11-21,14.29,21.25,7.95,0.00
2016-11-22,14.20,21.90,6.20,0.00
2016-11-23,15.57,20.90,10.40,1.50
2016-11-24,15.74,21.65,10.70,0.30
2016-11-25,15.79,20.55,12.40,2.00
2016-11-26,15.17,20.75,10.70,1.10
2016-11-27,14.63,21.00,11.01,6.60
2016-11-28,14.67,20.65,9.35,5.40
2016-11-29,14.12,19.30,11.11,6.20
2016-11-30,14.40,19.60,10.70,0.30
2016-12-01,13.83,19.00,10.51,4.70
2016-12-02,13.15,18.90,8.95,10.20
2016-12-03,13.10,18.85,8.70,10.20
2016-12-04,13.28,18.15,8.95,8.80
2016-12-05,13.84,18.90,9.26,7.20
2016-12-06,13.90,18.35,10.01,8.20
2016-12-07,14.23,19.05,11.06,3.00
2016-12-08,14.29,19.40,10.15,7.10
2016-12-09,14.02,17.10,12.36,25.30
2016-12-10,15.01,20.20,11.81,7.90
2016-12-11,13.19,17.80,10.90,8.80
2016-12-12,13.58,18.50,10.31,15.00
2016-12-13,13.87,19.45,10.61,7.60
2016-12-14,13.35,19.10,8.70,6.00
2016-12-15,14.33,18.95,11.06,8.60
2016-12-16,12.75,16.31,9.15,10.40
2016-12-17,14.07,18.80,11.11,15.90
2016-12-18,14.38,19.00,9.81,6.60
2016-12-19,13.98,18.25,11.40,11.70
2016-12-20,13.47,18.30,9.70,3.80
2016-12-21,13.25,17.80,9.45,1.50
2016-12-22,13.48,17.45,10.20,2.00
2016-12-23,13.50,16.20,11.51,7.60
2016-12-24,13.37,17.00,10.90,4.40
2016-12-25,14.10,19.40,9.10,0.80
2016-12-26,14.56,19.35,10.76,0.80
2016-12-27,14.67,19.40,10.81,1.10
2016-12-28,14.55,19.35,11.01,0.20
2016-12-29,14.25,19.65,11.01,1.80
2016-12-30,13.44,17.85,8.60,2.80
2016-12-31,14.06,18.40,10.01,2.20
2017-01-01,14.41,18.45,11.40,3.50
2017-01-02,13.79,17.85,11.15,0.50
2017-01-03,14.42,20.65,10.20,2.20
2017-01-04,15.46,21.40,11.75,0.20
2017-01-05,14.04,19.10,10.10,5.90
2017-01-06,11.78,13.60,10.20,15.30
2017-01-07,14.13,18.20,10.85,0.00
2017-01-08,13.88,19.10,10.30,2.20
2017-01-09,13.81,18.70,10.60,3.10
2017-01-10,12.64,16.65,9.65,4.80
2017-01-11,13.35,18.90,9.65,4.70
2017-01-12,13.74,18.50,10.20,4.60
2017-01-13,13.91,18.65,10.75,0.20
2017-01-14,13.11,18.30,9.15,4.40
2017-01-15,12.36,17.05,10.45,6.80
2017-01-16,13.65,19.60,8.45,0.30
2017-01-17,13.84,20.10,9.25,0.00
2017-01-18,14.35,21.00,7.70,0.00
2017-01-19,14.70,21.05,9.10,0.00
2017-01-20,13.30,19.90,9.85,3.10
2017-01-21,12.54,17.90,9.60,5.80
2017-01-22,12.61,17.65,8.95,0.50
2017-01-23,13.35,19.35,9.30,0.00
2017-01-24,13.63,21.10,8.20,0.00
2017-01-25,13.10,16.90,9.60,0.30
2017-01-26,11.82,14.85,8.40,3.20
2017-01-27,12.81,16.10,10.35,1.80
2017-01-28,13.43,16.90,11.25,1.10
2017-01-29,12.77,14.65,11.15,2.40
2017-01-30,13.09,16.65,11.10,4.10
2017-01-31,14.00,18.20,10.50,0.80
2017-02-01,13.96,17.80,10.65,0.00
2017-02-02,14.37,19.65,10.30,0.90
2017-02-03,13.79,16.90,11.40,2.30
2017-02-04,14.40,19.20,10.70,0.30
2017-02-05,13.32,15.85,11.65,0.20
2017-02-06,13.97,18.95,10.75,0.10
2017-02-07,14.23,18.80,11.40,0.60
2017-02-08,14.79,19.85,11.40,0.10
2017-02-09,14.84,20.50,11.00,3.40
2017-02-10,14.92,20.45,10.10,1.20
2017-02-11,14.19,19.50,10.35,2.80
2017-02-12,14.39,20.30,9.05,2.90
2017-02-13,14.23,21.10,9.50,0.90
2017-02-14,13.57,19.80,8.90,0.00
2017-02-15,12.92,18.75,9.65,4.90
2017-02-16,13.29,18.65,9.95,1.00
2017-02-17,12.81,18.90,8.40,0.10
2017-02-18,13.41,18.70,9.30,0.30
2017-02-19,14.61,21.30,9.80,0.10
2017-02-20,14.45,20.40,10.75,0.90
2017-02-21,14.68,21.05,10.95,2.80
2017-02-22,13.12,17.90,10.30,8.40
2017-02-23,13.73,18.20,11.05,1.20
2017-02-24,13.23,18.50,9.80,1.60
2017-02-25,13.34,19.00,10.50,3.40
2017-02-26,12.00,14.55,10.35,9.90
2017-02-27,12.60,18.05,9.15,3.70
2017-02-28,13.43,18.30,10.50,1.20
2017-03-01,13.50,18.25,9.65,0.70
2017-03-02,13.80,19.20,9.50,1.90
2017-03-03,14.03,18.05,11.25,1.80
2017-03-04,13.17,16.65,10.35,0.40
2017-03-05,13.99,18.15,10.75,0.70
2017-03-06,13.97,17.95,11.25,2.30
2017-03-07,14.02,18.70,10.75,2.80
2017-03-08,13.50,18.50,10.15,7.80
2017-03-09,13.86,18.05,10.20,3.20
2017-03-10,13.78,18.30,11.25,5.00
2017-03-11,12.72,15.40,11.00,6.20
2017-03-12,13.06,16.15,10.45,3.10
2017-03-13,13.66,19.85,9.10,4.20
2017-03-14,13.11,17.70,10.20,9.90
2017-03-15,12.59,15.05,10.45,3.70
2017-03-16,13.49,20.50,9.00,0.20
2017-03-17,13.91,19.55,9.30,1.60
2017-03-18,13.51,18.70,10.30,1.50
2017-03-19,13.04,15.95,10.65,8.20
2017-03-20,13.23,17.75,9.80,4.30
2017-03-21,13.60,19.05,9.90,0.90
2017-03-22,13.14,17.05,11.10,4.90
2017-03-23,13.56,19.00,9.45,10.70
2017-03-24,13.48,18.50,11.10,11.30
2017-03-25,13.16,17.60,10.15,8.00
2017-03-26,13.43,18.95,10.45,6.00
2017-03-27,12.40,16.25,10.50,6.50
2017-03-28,13.99,19.20,8.70,0.40
2017-03-29,13.99,17.70,10.90,1.80
2017-03-30,12.87,17.05,8.95,3.60
2017-03-31,12.05,13.55,10.85,6.20
2017-04-01,13.21,17.90,10.35,0.40
2017-04-02,13.17,17.45,8.60,0.00
2017-04-03,13.51,18.50,8.50,0.00
2017-04-04,13.86,18.55,9.55,0.00
2017-04-05,13.99,17.35,9.75,0.00
2017-04-06,14.11,18.10,10.85,0.60
2017-04-07,14.08,17.30,11.70,6.20
2017-04-08,13.90,18.10,10.75,0.30
2017-04-09,13.69,19.10,9.95,4.60
2017-04-10,14.00,19.45,10.50,2.90
2017-04-11,13.86,18.75,10.65,2.40
2017-04-12,13.61,17.20,11.25,11.70
2017-04-13,13.34,16.15,11.30,7.00
2017-04-14,13.63,16.45,11.45,6.00
2017-04-15,13.46,15.90,11.30,3.00
2017-04-16,13.68,17.55,11.45,4.30
2017-04-17,14.51,19.55,11.50,1.90
2017-04-18,13.55,17.65,11.10,2.60
2017-04-19,13.45,18.25,11.45,13.10
2017-04-20,13.14,18.50,10.45,10.10
2017-04-21,12.14,16.40,10.00,8.40
2017-04-22,13.65,18.10,9.15,0.00
2017-04-23,14.58,19.35,11.20,0.10
2017-04-24,14.03,17.30,11.40,0.20
2017-04-25,14.51,20.20,10.75,7.30
2017-04-26,13.96,18.35,10.95,1.10
2017-04-27,13.87,19.45,9.40,2.40
2017-04-28,13.58,17.30,11.00,1.10
2017-04-29,12.99,15.25,11.25,3.50
2017-04-30,12.63,15.25,11.25,12.80
2017-05-01,12.65,16.30,10.50,7.30
2017-05-02,13.20,17.40,10.50,5.30
2017-05-03,14.06,17.45,11.20,0.70
2017-05-04,13.75,17.65,11.35,2.20
2017-05-05,14.04,18.65,11.35,7.20
2017-05-06,13.58,18.00,11.20,17.80
2017-05-07,13.84,18.65,11.45,18.60
2017-05-08,13.81,18.25,10.20,1.10
2017-05-09,13.67,17.30,11.25,6.40
2017-05-10,12.19,14.30,10.70,5.90
2017-05-11,12.69,16.30,9.90,2.50
2017-05-12,13.37,18.55,9.55,2.20
2017-05-13,14.41,19.15,10.85,1.50
2017-05-14,12.23,14.25,10.75,8.00
2017-05-15,12.48,15.60,9.75,3.30
2017-05-16,13.66,19.35,8.90,4.10
2017-05-17,13.87,19.65,9.60,0.40
2017-05-18,13.88,17.90,10.25,1.20
2017-05-19,14.20,19.20,9.80,0.00
2017-05-20,13.86,18.30,10.75,0.70
2017-05-21,13.79,17.90,10.25,0.30
2017-05-22,13.09,16.40,10.55,1.30
2017-05-23,13.30,17.45,10.55,0.30
2017-05-24,13.79,18.55,10.80,0.70
2017-05-25,13.91,18.45,10.75,0.70
2017-05-26,13.64,17.70,10.65,2.00
2017-05-27,13.67,18.15,10.35,0.70
2017-05-28,13.02,18.50,7.90,1.10
2017-05-29,12.95,17.05,8.80,0.00
2017-05-30,13.34,18.35,9.95,0.00
2017-05-31,12.93,16.90,9.65,2.20
2017-06-01,13.71,18.30,10.90,0.80
2017-06-02,13.89,19.90,8.45,0.00
2017-06-03,13.62,17.35,10.75,1.60
2017-06-04,13.24,17.50,10.00,0.90
2017-06-05,13.06,17.30,10.40,2.00
2017-06-06,13.42,18.60,7.30,0.00
2017-06-07,13.52,19.15,7.40,0.00
2017-06-08,13.54,20.00,10.70,3.50
2017-06-09,13.30,18.45,10.05,1.10
2017-06-10,13.59,18.70,8.65,6.30
2017-06-11,13.42,19.50,8.85,0.70
2017-06-12,13.39,19.10,8.70,2.00
2017-06-13,12.67,16.50,9.95,3.90
2017-06-14,11.52,12.70,9.10,16.20
2017-06-15,11.43,14.95,8.50,3.20
2017-06-16,11.42,13.80,9.90,6.50
2017-06-17,12.69,17.90,7.95,2.70
2017-06-18,12.78,19.10,7.85,1.00
2017-06-19,13.67,18.20,9.95,0.20
2017-06-20,12.31,14.90,10.30,3.80
2017-06-21,12.47,15.85,10.30,4.40
2017-06-22,12.75,17.60,9.60,2.10
2017-06-23,12.72,18.05,8.45,0.00
2017-06-24,13.46,18.25,9.50,0.10
2017-06-25,13.41,18.25,9.25,0.20
2017-06-26,13.33,16.95,10.85,0.30
2017-06-27,13.02,17.00,9.65,0.10
2017-06-28,13.25,17.95,9.25,0.00
2017-06-29,12.73,16.10,10.30,3.40
2017-06-30,13.69,18.95,10.40,1.00
2017-07-01,13.02,17.75,9.85,2.20
2017-07-02,12.32,15.55,9.60,4.20
2017-07-03,11.77,14.30,10.35,1.20
2017-07-04,11.55,14.25,9.40,0.40
2017-07-05,12.10,15.55,9.75,0.30
2017-07-06,12.49,17.05,9.50,4.50
2017-07-07,11.99,16.35,9.70,13.30
2017-07-08,12.88,18.55,9.90,0.20
2017-07-09,12.50,18.10,8.90,0.50
2017-07-10,12.39,17.90,7.15,0.00
2017-07-11,11.68,16.50,9.10,0.10
2017-07-12,12.12,16.80,8.95,0.00
2017-07-13,12.75,19.25,8.45,0.00
2017-07-14,12.34,18.55,5.60,0.00
2017-07-15,13.21,18.75,8.30,0.00
2017-07-16,12.85,20.10,7.20,0.00
2017-07-17,13.22,17.65,9.30,0.30
2017-07-18,11.59,14.65,9.55,15.20
2017-07-19,11.26,14.00,9.00,6.60
2017-07-20,11.93,17.50,8.40,0.00
2017-07-21,12.45,19.50,6.20,0.00
2017-07-22,11.92,17.10,8.90,0.20
2017-07-23,12.08,17.50,9.50,0.20
2017-07-24,12.04,16.50,9.45,1.10
2017-07-25,11.01,14.00,9.00,9.20
2017-07-26,11.05,15.10,8.45,10.40
2017-07-27,10.88,14.80,7.95,0.70
2017-07-28,11.05,15.25,8.80,1.70
2017-07-29,11.50,15.25,8.95,2.10
2017-07-30,11.52,16.15,8.25,0.80
2017-07-31,11.88,17.55,7.35,0.00
2017-08-01,12.14,17.15,6.65,0.00
2017-08-02,12.76,18.90,7.40,0.80
2017-08-03,12.51,18.10,7.35,0.10
2017-08-04,12.29,16.60,8.90,0.50
2017-08-05,12.09,15.30,9.65,8.30
2017-08-06,12.38,18.90,7.40,0.00
2017-08-07,12.46,17.40,9.25,0.60
2017-08-08,12.49,17.50,9.45,1.00
2017-08-09,12.16,16.90,8.10,0.20
2017-08-10,13.00,18.15,9.45,0.00
2017-08-11,12.50,18.15,6.95,0.00
2017-08-12,13.07,19.40,8.40,0.00
2017-08-13,13.06,19.00,7.45,0.00
2017-08-14,13.24,19.30,7.90,0.00
2017-08-15,13.80,20.05,8.20,0.00
2017-08-16,13.77,19.30,8.50,0.20
2017-08-17,13.86,19.90,7.75,0.00
2017-08-18,13.64,19.70,8.30,0.00
2017-08-19,13.05,20.20,8.35,5.40
2017-08-20,13.72,19.35,8.95,0.20
2017-08-21,11.88,16.05,8.15,0.90
2017-08-22,11.78,16.00,7.55,0.00
2017-08-23,12.61,18.50,7.30,0.20
2017-08-24,13.31,19.00,9.35,0.00
2017-08-25,11.83,15.85,8.20,0.10
2017-08-26,13.37,18.70,8.75,0.00
2017-08-27,12.94,18.35,7.65,1.20
2017-08-28,12.18,15.90,9.30,12.90
2017-08-29,11.76,15.60,9.25,2.20
2017-08-30,11.77,16.55,9.50,5.80
2017-08-31,12.30,17.90,8.35,0.00
2017-09-01,12.64,18.50,8.40,0.00
2017-09-02,12.71,19.25,8.05,0.00
2017-09-03,13.95,19.45,10.30,0.30
2017-09-04,13.48,19.30,9.95,0.80
2017-09-05,13.16,19.80,6.20,0.00
2017-09-06,13.34,18.65,9.75,0.00
2017-09-07,13.94,19.25,10.35,0.30
2017-09-08,13.54,20.25,7.65,2.10
2017-09-09,13.44,18.35,10.15,0.80
2017-09-10,13.91,18.50,10.90,0.10
2017-09-11,14.16,20.40,9.10,0.00
2017-09-12,14.25,19.45,9.10,0.00
2017-09-13,12.95,17.30,9.50,0.90
2017-09-14,14.50,19.90,10.65,0.00
2017-09-15,13.85,18.90,10.20,0.00
2017-09-16,13.62,18.00,10.65,0.80
2017-09-17,13.03,17.50,10.40,8.80
2017-09-18,13.44,17.65,10.60,2.70
2017-09-19,13.88,19.90,9.45,0.00
2017-09-20,14.09,20.90,8.65,0.00
2017-09-21,14.77,20.15,10.60,0.00
2017-09-22,14.65,21.00,10.40,0.00
2017-09-23,14.03,18.85,10.80,0.00
2017-09-24,13.57,17.95,10.75,0.60
2017-09-25,12.82,15.55,10.50,2.00
2017-09-26,13.34,17.30,10.25,0.10
2017-09-27,14.17,20.55,9.40,0.10
2017-09-28,14.06,19.75,10.80,3.10
2017-09-29,14.15,20.00,10.35,4.50
2017-09-30,12.57,15.25,10.40,4.60
2017-10-01,13.44,18.65,9.55,0.50
2017-10-02,14.11,20.25,8.90,0.00
2017-10-03,14.08,20.30,9.60,0.50
2017-10-04,12.58,16.65,9.80,6.70
2017-10-05,13.15,16.70,10.55,4.10
2017-10-06,12.91,16.30,10.35,0.10
2017-10-07,12.59,16.45,9.25,4.20
2017-10-08,12.59,18.60,7.95,2.60
2017-10-09,12.24,19.85,6.50,4.20
2017-10-10,13.33,18.15,8.15,0.00
2017-10-11,13.58,18.60,9.70,0.80
2017-10-12,13.68,18.25,9.25,0.00
2017-10-13,13.80,19.15,8.20,0.00
2017-10-14,13.65,18.80,9.65,0.00
2017-10-15,14.11,20.15,10.55,1.50
2017-10-16,13.84,18.40,11.05,0.40
2017-10-17,13.56,16.00,11.40,7.70
2017-10-18,14.51,19.85,10.85,0.70
2017-10-19,14.66,20.00,10.60,0.10
2017-10-20,14.88,20.10,10.80,0.20
2017-10-21,14.93,19.70,10.75,0.00
2017-10-22,13.45,17.05,11.35,4.20
2017-10-23,13.30,17.90,11.10,7.10
2017-10-24,13.66,17.55,11.10,0.50
2017-10-25,14.73,20.55,11.05,0.40
2017-10-26,13.78,19.95,10.55,2.70
2017-10-27,13.59,19.30,9.05,3.70
2017-10-28,13.19,19.30,10.25,8.80
2017-10-29,13.38,18.25,10.10,6.80
2017-10-30,12.32,16.85,8.50,1.10
2017-10-31,13.88,21.75,9.10,1.00
2017-11-01,13.69,18.80,10.20,0.10
2017-11-02,13.49,18.75,9.65,0.20
2017-11-03,13.58,21.75,7.30,0.30
2017-11-04,13.75,21.15,8.65,0.00
2017-11-05,13.68,20.75,8.25,0.00
2017-11-06,14.21,19.50,10.45,0.00
2017-11-07,14.32,19.15,10.20,0.50
2017-11-08,14.77,21.55,9.55,0.00
2017-11-09,14.33,20.95,9.25,1.20
2017-11-10,14.33,20.70,10.80,3.30
2017-11-11,14.76,20.90,10.10,0.00
2017-11-12,15.38,21.65,10.50,0.00
2017-11-13,14.84,20.45,10.55,0.20
2017-11-14,14.46,21.35,10.50,0.60
2017-11-15,13.73,19.20,10.55,4.90
2017-11-16,13.75,19.55,9.70,1.40
2017-11-17,13.64,20.25,10.75,1.20
2017-11-18,13.55,20.60,8.85,0.00
2017-11-19,13.73,20.35,8.95,5.60
2017-11-20,13.06,18.85,10.25,10.40
2017-11-21,13.62,18.55,9.90,7.80
2017-11-22,14.18,20.35,7.15,3.60
2017-11-23,12.08,14.80,10.05,4.00
2017-11-24,12.76,18.25,8.70,2.40
2017-11-25,14.18,19.30,10.25,0.80
2017-11-26,14.75,20.10,10.80,0.60
2017-11-27,14.52,19.05,11.50,0.30
2017-11-28,13.81,18.55,9.95,3.00
2017-11-29,13.04,17.05,10.35,1.10
2017-11-30,13.38,18.35,10.75,0.60
2017-12-01,14.59,20.00,10.65,1.10
2017-12-02,13.68,19.00,10.25,4.10
2017-12-03,14.55,19.60,11.15,0.30
2017-12-04,14.46,19.30,10.20,0.00
2017-12-05,14.01,18.35,11.05,0.60
2017-12-06,13.19,16.55,10.50,0.00
2017-12-07,14.48,19.70,9.95,0.00
2017-12-08,14.67,20.25,9.95,0.00
2017-12-09,14.48,20.90,9.90,0.10
2017-12-10,15.13,21.75,10.05,0.20
2017-12-11,14.77,20.40,10.10,0.20
2017-12-12,12.99,16.10,10.10,3.10
2017-12-13,14.38,20.70,9.75,0.00
2017-12-14,14.80,20.95,10.20,0.00
2017-12-15,14.83,20.40,9.95,0.00
2017-12-16,15.21,21.30,9.80,0.00
2017-12-17,15.34,21.65,10.35,0.00
2017-12-18,15.54,22.90,9.95,0.00
2017-12-19,15.14,21.85,10.15,0.00
2017-12-20,15.04,19.80,11.30,0.00
2017-12-21,15.06,20.45,11.40,0.00
2017-12-22,14.86,19.65,11.20,0.10
2017-12-23,15.35,20.75,10.75,0.00
2017-12-24,15.97,22.55,11.00,0.00
2017-12-25,15.10,21.90,10.60,1.20
2017-12-26,13.65,17.85,11.00,8.90
2017-12-27,13.18,17.00,10.55,1.80
2017-12-28,13.93,19.85,11.35,2.50
2017-12-29,13.55,19.00,10.80,1.70
2017-12-30,13.92,19.40,9.60,0.20
2017-12-31,13.77,18.75,10.65,2.20
2018-01-01,11.45,13.35,10.35,14.00
2018-01-02,13.04,18.25,9.65,0.00
2018-01-03,15.11,21.70,10.40,0.00
2018-01-04,14.39,21.55,8.75,0.50
2018-01-05,14.38,19.85,10.90,1.90
2018-01-06,13.92,19.80,10.25,0.20
2018-01-07,13.91,20.95,9.45,0.00
2018-01-08,14.39,22.50,8.75,0.00
2018-01-09,14.83,22.15,9.95,0.00
2018-01-10,13.99,19.60,10.25,1.20
2018-01-11,13.58,19.70,10.25,3.40
2018-01-12,13.88,19.10,10.00,0.30
2018-01-13,13.83,18.20,10.00,0.00
2018-01-14,13.79,19.75,9.80,2.60
2018-01-15,11.93,16.40,10.00,8.10
2018-01-16,12.44,15.85,9.75,2.30
2018-01-17,12.55,17.20,9.80,6.40
2018-01-18,13.02,17.00,9.45,2.50
2018-01-19,12.12,15.55,10.00,7.70
2018-01-20,11.28,14.10,9.45,16.20
2018-01-21,12.33,15.35,10.00,2.60
2018-01-22,12.83,15.95,10.35,0.40
2018-01-23,13.29,17.20,10.75,0.80
2018-01-24,13.92,17.40,11.55,0.10
2018-01-25,13.78,17.95,11.25,0.20
2018-01-26,14.30,18.75,10.40,0.00
2018-01-27,14.58,19.15,11.40,0.00
2018-01-28,14.68,20.10,10.30,1.00
2018-01-29,14.80,20.85,10.00,0.00
2018-01-30,14.50,20.10,9.45,0.00
2018-01-31,15.07,20.35,9.30,0.00
2018-02-01,15.41,20.90,9.70,0.00
2018-02-02,16.24,22.20,11.55,0.10
2018-02-03,15.83,22.90,11.00,0.40
2018-02-04,15.69,21.70,10.70,1.60
2018-02-05,15.88,22.10,9.40,0.40
2018-02-06,15.60,21.25,12.25,1.40
2018-02-07,15.86,21.05,11.75,1.10
2018-02-08,16.40,22.45,12.15,0.00
2018-02-09,15.52,22.25,11.80,1.80
2018-02-10,15.06,20.85,11.40,0.70
2018-02-11,15.28,20.60,11.50,0.50
2018-02-12,15.26,21.65,10.05,0.00
2018-02-13,15.59,22.10,10.00,0.40
2018-02-14,14.95,21.60,11.10,7.10
2018-02-15,13.74,17.70,11.80,6.90
2018-02-16,13.91,17.25,11.55,4.40
2018-02-17,14.15,17.50,11.85,0.10
2018-02-18,14.15,19.70,10.60,3.10
2018-02-19,12.93,18.45,10.65,21.70
2018-02-20,12.90,17.45,10.55,5.30
2018-02-21,13.53,19.15,9.35,0.40
2018-02-22,13.31,18.35,9.85,2.30
2018-02-23,12.84,18.00,9.20,7.00
2018-02-24,13.18,19.45,8.50,0.60
2018-02-25,13.51,20.90,7.75,0.00
2018-02-26,13.87,20.80,7.80,0.00
2018-02-27,14.23,19.65,9.40,0.10
2018-02-28,13.69,18.80,10.85,0.60
2018-03-01,14.44,19.45,10.65,0.40
2018-03-02,12.74,14.90,10.70,4.50
2018-03-03,13.36,16.95,10.75,1.90
2018-03-04,13.44,16.95,11.25,0.20
2018-03-05,14.43,20.15,9.90,0.30
2018-03-06,14.17,19.10,9.60,0.00
2018-03-07,14.26,18.15,11.85,1.00
2018-03-08,14.03,18.00,11.50,0.90
2018-03-09,14.58,17.75,12.50,1.20
2018-03-10,15.16,20.30,11.30,0.10
2018-03-11,15.11,20.05,11.50,1.30
2018-03-12,15.69,21.20,11.45,0.00
2018-03-13,15.32,21.35,10.25,0.00
2018-03-14,15.75,22.25,9.60,0.00
2018-03-15,15.64,21.45,9.70,0.10
2018-03-16,15.22,19.30,11.95,0.20
2018-03-17,15.24,20.30,10.85,0.00
2018-03-18,15.59,21.30,10.50,0.10
2018-03-19,15.81,21.30,11.80,0.70
2018-03-20,15.49,21.40,11.35,1.20
2018-03-21,15.03,19.90,11.80,0.50
2018-03-22,15.31,20.10,11.40,0.00
2018-03-23,14.44,21.20,10.45,2.70
2018-03-24,13.78,20.45,9.60,3.30
2018-03-25,14.76,20.40,10.15,0.90
2018-03-26,14.94,19.55,12.10,0.10
2018-03-27,15.05,21.30,11.25,0.20
2018-03-28,15.52,21.65,12.15,0.00
2018-03-29,14.46,18.50,12.10,1.30
2018-03-30,14.10,18.45,11.75,15.40
2018-03-31,14.23,18.55,11.75,1.00
2018-04-01,14.24,20.30,10.80,1.50
2018-04-02,13.13,18.80,9.45,18.40
2018-04-03,13.14,18.55,11.00,3.90
2018-04-04,12.74,16.75,10.50,5.50
2018-04-05,12.53,16.15,10.25,3.20
2018-04-06,13.18,19.20,8.65,0.00
2018-04-07,13.06,19.45,9.00,0.10
2018-04-08,12.79,18.35,9.30,0.90
2018-04-09,12.90,18.10,9.75,0.50
2018-04-10,12.85,17.75,10.20,6.20
2018-04-11,13.69,19.90,10.10,0.00
2018-04-12,14.06,20.80,9.25,0.00
2018-04-13,13.71,20.10,8.85,0.00
2018-04-14,13.03,17.55,8.30,0.70
2018-04-15,13.85,18.45,10.40,2.30
2018-04-16,12.56,14.80,11.05,2.10
2018-04-17,13.27,16.10,10.45,1.80
2018-04-18,13.80,17.15,11.50,0.50
2018-04-19,13.36,17.20,11.30,2.30
2018-04-20,14.35,18.80,11.45,0.80
2018-04-21,13.97,17.60,11.45,0.30
2018-04-22,14.22,19.70,9.55,0.70
2018-04-23,13.70,17.20,10.45,1.90
2018-04-24,14.62,19.35,10.50,0.00
2018-04-25,14.09,18.45,10.95,1.70
2018-04-26,12.75,15.65,10.75,8.10
2018-04-27,13.63,17.90,11.20,5.50
2018-04-28,12.79,14.35,11.55,2.30
2018-04-29,13.05,17.45,10.95,14.80
2018-04-30,12.83,16.70,10.50,5.90
2018-05-01,13.52,17.40,10.45,8.40
2018-05-02,13.65,16.75,11.60,0.70
2018-05-03,14.41,18.15,12.25,0.20
2018-05-04,14.06,19.05,11.10,3.10
2018-05-05,13.37,17.90,10.70,4.00
2018-05-06,12.99,16.70,10.60,6.50
2018-05-07,12.36,14.60,10.65,2.20
2018-05-08,12.77,16.30,10.70,3.60
2018-05-09,12.55,17.20,10.55,2.50
2018-05-10,13.39,19.65,10.70,18.60
2018-05-11,14.13,18.70,10.55,0.00
2018-05-12,13.83,17.95,9.70,0.70
2018-05-13,13.04,17.70,9.95,4.20
2018-05-14,13.19,17.35,10.70,10.10
2018-05-15,13.12,17.65,9.05,0.00
2018-05-16,12.07,14.70,10.50,4.10
2018-05-17,13.42,17.05,10.70,0.20
2018-05-18,13.05,16.40,11.05,6.10
2018-05-19,13.26,16.55,11.10,2.90
2018-05-20,12.09,14.40,9.65,1.70
2018-05-21,12.75,15.90,10.50,11.00
2018-05-22,13.59,17.10,9.90,1.30
2018-05-23,13.23,17.15,10.05,1.90
2018-05-24,11.97,13.25,10.95,16.20
2018-05-25,12.35,15.45,10.25,8.50
2018-05-26,11.95,14.85,10.25,17.70
2018-05-27,12.22,15.85,10.15,8.70
2018-05-28,12.66,16.10,10.35,2.10
2018-05-29,12.62,15.40,10.20,4.10
2018-05-30,13.25,17.35,10.65,1.40
2018-05-31,13.57,17.90,10.05,0.90
2018-06-01,13.88,17.85,10.65,0.00
2018-06-02,13.82,18.60,9.60,0.00
2018-06-03,13.56,17.60,10.20,0.40
2018-06-04,12.61,16.30,9.05,1.30
2018-06-05,13.08,16.70,10.50,0.60
2018-06-06,13.57,19.05,10.35,0.90
2018-06-07,13.66,20.15,9.20,0.10
2018-06-08,13.77,19.35,9.60,0.30
2018-06-09,13.50,18.80,10.15,0.40
2018-06-10,13.76,19.20,9.95,0.00
2018-06-11,13.50,18.45,9.25,0.10
2018-06-12,13.52,17.60,10.20,0.20
2018-06-13,12.24,16.20,8.10,0.10
2018-06-14,12.20,15.15,9.50,1.50
2018-06-15,12.56,16.60,9.40,1.70
2018-06-16,11.94,15.15,9.05,7.90
2018-06-17,11.36,14.10,9.40,2.60
2018-06-18,11.60,16.05,8.45,2.50
2018-06-19,11.82,17.45,7.25,0.70
2018-06-20,12.30,17.85,7.90,0.10
2018-06-21,11.61,17.70,6.65,0.20
2018-06-22,11.64,17.30,7.25,0.20
2018-06-23,12.23,17.05,7.65,0.10
2018-06-24,11.62,16.55,7.65,0.50
2018-06-25,12.33,16.85,8.70,0.40
2018-06-26,10.22,12.70,7.70,9.30
2018-06-27,10.72,13.65,8.75,8.90
2018-06-28,11.39,15.35,8.50,6.30
2018-06-29,10.47,12.50,8.75,5.50
2018-06-30,11.99,16.40,9.30,5.10
2018-07-01,11.50,14.70,8.70,5.30
2018-07-02,12.69,18.35,7.90,0.00
2018-07-03,12.33,17.65,6.60,0.20
2018-07-04,12.11,17.55,8.65,0.40
2018-07-05,12.07,17.15,8.55,0.70
2018-07-06,12.46,18.65,8.75,0.60
2018-07-07,12.17,17.50,8.50,1.20
2018-07-08,11.99,17.10,8.10,0.20
2018-07-09,12.99,17.60,10.05,2.40
2018-07-10,12.86,17.60,9.80,0.90
2018-07-11,12.70,18.05,9.10,0.70
2018-07-12,12.89,17.70,9.95,0.80
2018-07-13,12.38,15.65,10.00,0.40
2018-07-14,12.99,17.50,10.45,1.60
2018-07-15,12.19,16.80,8.50,0.70
2018-07-16,12.39,17.30,8.30,0.30
2018-07-17,11.66,17.00,8.35,5.10
2018-07-18,12.32,16.90,9.20,2.70
2018-07-19,12.94,18.25,8.75,0.50
2018-07-20,12.74,17.55,8.90,0.30
2018-07-21,13.03,17.40,9.90,0.90
2018-07-22,12.09,16.15,9.00,6.00
2018-07-23,12.69,18.05,9.30,1.90
2018-07-24,12.76,18.00,8.90,0.10
2018-07-25,12.79,17.80,9.05,0.00
2018-07-26,12.74,18.60,9.55,1.40
2018-07-27,12.19,17.85,8.55,1.00
2018-07-28,12.78,18.15,9.35,1.10
2018-07-29,12.20,16.65,8.45,2.00
2018-07-30,12.57,17.65,7.45,1.70
2018-07-31,11.41,14.20,8.00,1.30
2018-08-01,12.45,17.60,8.35,6.10
2018-08-02,13.13,17.15,9.85,2.40
2018-08-03,12.49,18.20,7.15,0.00
2018-08-04,12.93,18.10,8.20,0.60
2018-08-05,13.28,19.20,8.00,0.00
2018-08-06,13.47,19.10,9.30,0.20
2018-08-07,13.63,19.25,9.30,5.10
2018-08-08,12.13,16.55,8.85,4.40
2018-08-09,11.42,15.60,8.80,10.60
2018-08-10,10.85,15.75,7.70,6.30
2018-08-11,12.19,17.60,8.55,0.90
2018-08-12,11.82,15.85,8.30,0.40
2018-08-13,12.83,18.95,8.50,0.60
2018-08-14,13.10,18.30,9.15,0.00
2018-08-15,12.67,17.50,9.30,0.20
2018-08-16,11.91,16.65,8.80,4.30
2018-08-17,12.07,16.10,8.60,2.70
2018-08-18,12.69,18.10,9.30,1.00
2018-08-19,12.15,17.70,7.90,0.00
2018-08-20,12.11,18.15,7.40,0.40
2018-08-21,12.57,17.40,8.85,1.60
2018-08-22,12.33,17.70,9.05,2.10
2018-08-23,12.64,18.60,8.35,0.40
2018-08-24,12.47,19.60,6.40,0.00
2018-08-25,12.35,18.70,7.40,0.00
2018-08-26,11.42,16.50,7.65,3.10
2018-08-27,11.60,15.45,8.40,2.10
2018-08-28,12.72,18.05,8.70,1.10
2018-08-29,12.98,18.10,9.05,1.10
2018-08-30,13.01,18.90,8.90,1.00
2018-08-31,12.72,18.50,7.40,0.00
2018-09-01,13.24,18.80,7.85,0.00
2018-09-02,13.40,19.85,7.55,0.00
2018-09-03,12.64,19.10,8.00,0.80
2018-09-04,11.98,15.80,8.50,16.40
2018-09-05,12.84,18.30,7.95,3.70
2018-09-06,12.61,19.30,6.75,0.00
2018-09-07,12.46,18.75,5.80,0.00
2018-09-08,12.36,17.80,8.30,1.10
2018-09-09,12.76,18.25,8.65,0.90
2018-09-10,12.10,18.15,6.90,0.80
2018-09-11,12.53,18.25,8.65,0.30
2018-09-12,12.87,17.45,9.05,0.70
2018-09-13,13.30,19.40,7.50,0.50
2018-09-14,12.47,16.30,8.05,1.50
2018-09-15,13.33,19.95,9.65,7.60
2018-09-16,13.15,19.00,8.50,0.80
2018-09-17,13.23,18.40,8.70,0.00
2018-09-18,13.79,19.80,9.00,0.00
2018-09-19,13.04,19.45,6.85,0.00
2018-09-20,13.21,19.05,7.75,0.00
2018-09-21,12.41,18.80,6.75,0.20
2018-09-22,12.62,18.45,8.60,2.20
2018-09-23,13.62,20.00,8.85,0.40
2018-09-24,13.75,20.40,8.65,0.00
2018-09-25,13.67,19.90,7.85,0.00
2018-09-26,13.67,19.55,8.30,0.20
2018-09-27,14.60,21.05,8.95,0.00
2018-09-28,14.95,21.50,8.35,0.00
2018-09-29,15.49,22.25,9.75,0.60
2018-09-30,16.13,24.15,9.00,0.00
2018-10-01,15.88,23.00,10.95,0.30
2018-10-02,14.96,21.25,10.50,1.00
2018-10-03,15.24,21.15,10.25,0.50
2018-10-04,14.71,20.95,10.40,0.20
2018-10-05,14.52,20.45,10.35,0.30
2018-10-06,14.41,19.45,11.20,8.30
2018-10-07,14.26,19.15,10.20,0.70
2018-10-08,14.18,20.40,10.60,1.00
2018-10-09,14.11,20.65,9.80,1.90
2018-10-10,13.99,19.50,9.65,0.20
2018-10-11,13.32,20.05,9.75,6.90
2018-10-12,13.86,20.90,8.75,0.00
2018-10-13,13.67,20.25,7.45,0.30
2018-10-14,14.10,19.50,9.60,0.00
2018-10-15,15.01,21.85,8.75,0.00
2018-10-16,15.13,21.60,8.85,0.00
2018-10-17,14.99,21.95,8.95,0.00
2018-10-18,14.87,22.70,7.30,5.70
2018-10-19,15.51,23.90,9.25,0.10
2018-10-20,15.25,21.15,10.70,0.10
2018-10-21,15.04,22.75,8.50,0.10
2018-10-22,15.28,24.35,9.10,0.00
2018-10-23,15.44,23.95,8.95,0.00
2018-10-24,15.60,24.90,8.95,0.00
2018-10-25,15.45,22.05,10.10,0.80
2018-10-26,16.23,23.10,11.00,0.00
2018-10-27,14.83,20.15,10.55,0.50
2018-10-28,15.41,22.00,10.15,0.00
2018-10-29,15.32,22.35,9.10,5.20
2018-10-30,15.56,22.35,9.75,0.00
2018-10-31,14.99,20.45,10.45,0.00
2018-11-01,13.83,17.95,10.40,2.80
2018-11-02,14.16,20.35,8.35,0.50
2018-11-03,15.29,21.25,10.20,0.10
2018-11-04,15.75,22.45,9.65,0.00
2018-11-05,14.88,19.90,10.75,0.30
2018-11-06,15.51,21.80,10.60,1.40
2018-11-07,15.66,21.10,11.35,0.00
2018-11-08,14.44,19.05,9.95,8.30
2018-11-09,14.75,21.05,10.05,3.70
2018-11-10,15.28,21.60,10.45,0.10
2018-11-11,15.48,21.95,9.60,0.00
2018-11-12,15.66,21.15,11.10,0.00
2018-11-13,15.99,21.45,10.90,0.60
2018-11-14,16.24,22.75,9.60,0.30
2018-11-15,15.97,22.25,10.20,0.00
2018-11-16,14.15,18.95,10.80,1.70
2018-11-17,15.00,21.85,10.05,0.00
2018-11-18,14.75,20.85,10.80,1.70
2018-11-19,13.96,19.10,11.05,5.50
2018-11-20,13.86,19.35,10.40,2.90
2018-11-21,14.22,19.00,10.30,2.90
2018-11-22,13.91,19.15,10.05,2.10
2018-11-23,14.27,20.85,11.15,1.00
2018-11-24,14.39,19.80,10.20,1.00
2018-11-25,14.61,19.80,9.85,0.30
2018-11-26,13.63,18.40,9.95,1.70
2018-11-27,13.70,18.70,11.15,4.80
2018-11-28,14.07,19.60,9.95,2.70
2018-11-29,13.24,18.10,9.65,3.20
2018-11-30,13.32,18.05,9.55,2.80
2018-12-01,13.48,19.50,9.20,0.00
2018-12-02,13.84,20.60,10.30,3.70
2018-12-03,13.46,19.55,9.35,2.90
2018-12-04,12.42,20.00,6.15,2.30
2018-12-05,13.67,19.60,9.45,0.00
2018-12-06,13.48,19.05,9.10,2.30
2018-12-07,13.59,18.80,10.15,1.90
2018-12-08,12.66,16.60,9.50,1.80
2018-12-09,13.78,19.20,9.50,0.50
2018-12-10,14.12,18.85,10.80,1.00
2018-12-11,13.04,18.00,10.00,1.70
2018-12-12,13.82,18.65,9.45,0.70
2018-12-13,13.69,17.70,10.55,1.00
2018-12-14,13.92,18.75,10.20,0.80
2018-12-15,13.48,17.80,9.70,0.00
2018-12-16,13.70,18.15,9.95,0.00
2018-12-17,13.43,18.35,9.45,6.40
2018-12-18,14.03,18.35,10.75,1.00
2018-12-19,12.62,15.20,10.40,3.80
2018-12-20,12.34,14.40,10.65,2.20
2018-12-21,12.36,17.15,9.30,1.30
2018-12-22,12.85,16.75,9.60,0.40
2018-12-23,14.26,19.35,10.30,0.00
2018-12-24,13.47,17.35,10.40,0.30
2018-12-25,13.83,18.65,10.95,1.30
2018-12-26,14.35,19.50,11.50,0.20
2018-12-27,13.90,18.05,11.40,0.90
2018-12-28,14.17,19.30,10.75,2.00
2018-12-29,13.85,19.10,9.55,0.90
2018-12-30,14.13,19.80,9.55,0.00
2018-12-31,14.05,19.50,10.20,0.30
2019-01-01,14.67,19.65,11.20,0.60
2019-01-02,14.81,20.30,10.70,0.90
2019-01-03,14.65,19.75,9.95,2.10
2019-01-04,14.11,18.15,11.45,1.70
2019-01-05,14.48,20.50,9.50,0.10
2019-01-06,14.74,21.45,9.30,0.30
2019-01-07,14.81,21.20,10.40,0.00
2019-01-08,12.45,15.10,10.45,7.70
2019-01-09,12.98,19.35,8.50,0.60
2019-01-10,12.83,18.90,8.75,0.90
2019-01-11,12.92,17.00,9.75,3.40
2019-01-12,12.85,19.00,8.10,4.40
2019-01-13,13.86,19.15,10.70,8.50
2019-01-14,14.34,20.00,10.80,0.50
2019-01-15,13.74,18.55,10.30,2.70
2019-01-16,13.71,18.40,9.20,0.70
2019-01-17,13.36,17.65,10.30,0.70
2019-01-18,13.67,18.15,11.00,0.20
2019-01-19,13.02,17.40,9.60,8.00
2019-01-20,13.42,17.30,10.70,1.80
2019-01-21,14.39,18.70,11.05,1.60
2019-01-22,14.40,19.20,10.65,0.90
2019-01-23,14.18,19.25,9.95,0.60
2019-01-24,14.49,18.15,11.20,1.50
2019-01-25,14.33,19.45,10.60,1.30
2019-01-26,15.30,21.05,10.30,0.40
2019-01-27,15.47,22.35,10.65,0.10
2019-01-28,15.66,22.55,11.25,0.70
2019-01-29,15.12,21.00,11.40,3.10
2019-01-30,14.57,19.50,11.05,3.50
2019-01-31,15.07,20.95,11.20,3.80
2019-02-01,14.94,19.20,11.75,0.80
2019-02-02,15.31,21.05,11.55,0.10
2019-02-03,14.88,19.35,11.15,0.90
2019-02-04,13.86,18.15,11.30,3.70
2019-02-05,13.61,17.25,11.25,4.30
2019-02-06,13.94,17.65,11.65,2.20
2019-02-07,14.54,19.70,11.25,8.00
2019-02-08,14.76,19.20,11.75,3.60
2019-02-09,14.14,17.85,11.05,0.60
2019-02-10,14.32,19.10,10.90,2.00
2019-02-11,15.06,19.90,11.45,0.70
2019-02-12,14.55,19.05,10.65,2.00
2019-02-13,14.41,18.55,11.15,1.20
2019-02-14,14.91,19.90,10.40,0.50
2019-02-15,15.27,21.50,9.90,0.10
2019-02-16,15.60,21.30,10.80,0.00
2019-02-17,15.69,22.45,10.35,0.00
2019-02-18,15.94,21.25,11.75,0.10
2019-02-19,15.84,21.50,11.35,1.40
2019-02-20,15.22,20.60,11.65,1.10
2019-02-21,14.57,18.55,11.70,0.30
2019-02-22,15.71,21.55,11.85,0.80
2019-02-23,15.34,21.05,12.40,3.00
2019-02-24,14.11,19.55,11.35,3.40
2019-02-25,14.04,19.20,10.60,1.50
2019-02-26,13.82,18.60,10.30,1.40
2019-02-27,14.48,19.80,11.25,0.50
2019-02-28,14.46,19.95,11.20,3.20
2019-03-01,14.34,20.40,10.15,0.20
2019-03-02,14.51,19.95,9.90,0.20
2019-03-03,14.25,20.25,9.30,1.10
2019-03-04,14.93,20.55,10.60,0.50
2019-03-05,14.88,19.85,11.30,0.10
2019-03-06,15.51,21.00,10.75,0.00
2019-03-07,15.26,19.85,11.45,0.30
2019-03-08,15.64,21.15,10.70,0.10
2019-03-09,15.67,21.10,11.55,0.50
2019-03-10,14.83,20.00,11.35,3.00
2019-03-11,14.56,19.40,11.10,3.30
2019-03-12,15.69,21.00,12.00,0.60
2019-03-13,15.55,20.85,11.30,0.20
2019-03-14,15.75,21.50,11.60,0.20
2019-03-15,14.74,18.65,11.70,1.90
2019-03-16,15.81,22.10,11.20,0.40
2019-03-17,15.30,19.85,11.55,0.00
2019-03-18,15.65,21.70,11.15,0.00
2019-03-19,15.38,20.55,12.15,2.10
2019-03-20,14.54,19.65,10.70,3.60
2019-03-21,14.82,20.15,10.40,2.60
2019-03-22,13.34,18.25,8.90,26.00
2019-03-23,14.05,19.35,10.35,3.80
2019-03-24,14.41,18.85,11.30,0.70
2019-03-25,14.68,20.20,10.70,0.20
2019-03-26,15.08,20.55,10.90,0.10
2019-03-27,15.11,19.20,11.30,0.10
2019-03-28,14.95,19.55,11.65,5.80
2019-03-29,14.76,19.00,12.10,1.20
2019-03-30,14.56,18.25,12.25,1.50
2019-03-31,14.72,17.80,12.05,8.30
2019-04-01,14.50,18.40,11.85,3.60
2019-04-02,14.97,20.05,10.95,1.10
2019-04-03,14.11,19.60,11.05,5.80
2019-04-04,14.84,20.90,10.15,0.60
2019-04-05,15.26,21.70,10.00,1.00
2019-04-06,15.24,19.70,10.85,0.10
2019-04-07,13.96,18.50,10.60,0.90
2019-04-08,14.22,17.95,10.85,0.80
2019-04-09,14.40,19.60,9.55,0.10
2019-04-10,14.88,21.00,9.30,0.30
2019-04-11,14.65,21.25,9.35,0.00
2019-04-12,15.58,21.10,11.40,0.60
2019-04-13,14.89,19.10,11.15,0.30
2019-04-14,15.24,20.60,10.55,0.00
2019-04-15,15.29,20.10,11.20,0.20
2019-04-16,15.46,20.85,11.10,0.80
2019-04-17,15.07,19.25,11.85,1.10
2019-04-18,15.35,20.40,11.35,0.70
2019-04-19,14.63,19.80,11.70,4.00
2019-04-20,13.66,17.90,11.30,11.90
2019-04-21,14.43,19.75,10.65,5.00
2019-04-22,14.20,18.85,11.30,2.50
2019-04-23,13.98,19.95,9.55,2.00
2019-04-24,12.78,15.55,10.55,3.50
2019-04-25,14.10,19.10,10.15,1.00
2019-04-26,14.53,18.40,11.40,2.00
2019-04-27,14.47,18.45,11.45,3.70
2019-04-28,14.27,19.25,10.00,0.40
2019-04-29,14.03,18.55,9.60,0.20
2019-04-30,14.88,19.45,11.55,0.10
2019-05-01,14.78,19.85,11.10,0.00
2019-05-02,14.48,20.35,10.35,0.20
2019-05-03,14.02,17.75,10.70,0.20
2019-05-04,13.82,18.75,9.45,0.50
2019-05-05,14.65,19.10,11.65,1.40
2019-05-06,13.49,17.00,11.20,5.00
2019-05-07,12.88,15.00,11.15,3.00
2019-05-08,13.50,16.75,10.00,2.10
2019-05-09,13.27,17.50,10.95,13.80
2019-05-10,13.88,17.95,10.75,1.40
2019-05-11,15.20,20.90,11.30,0.00
2019-05-12,14.64,19.70,9.90,1.50
2019-05-13,11.30,13.60,9.95,18.30
2019-05-14,12.26,14.85,10.00,12.40
2019-05-15,12.59,15.70,10.40,11.50
2019-05-16,13.69,18.80,9.60,2.40
2019-05-17,13.35,19.25,8.40,0.20
2019-05-18,13.83,19.45,8.85,0.00
2019-05-19,12.34,14.45,10.35,1.10
2019-05-20,13.39,18.10,10.20,5.20
2019-05-21,13.64,17.40,10.05,0.40
2019-05-22,14.26,19.05,10.00,0.40
2019-05-23,13.68,18.70,10.30,2.40
2019-05-24,14.08,18.80,10.55,2.80
2019-05-25,14.33,19.45,10.40,3.70
2019-05-26,13.50,17.00,10.40,2.10
2019-05-27,13.95,18.45,9.40,0.40
2019-05-28,14.09,19.40,9.35,0.10
2019-05-29,13.03,16.05,9.85,0.70
2019-05-30,13.48,17.90,10.45,0.40
2019-05-31,13.92,19.40,9.50,1.00
2019-06-01,14.33,20.05,9.25,1.40
2019-06-02,13.86,17.85,10.75,0.80
2019-06-03,13.79,18.55,9.40,0.30
2019-06-04,13.71,18.95,10.15,1.70
2019-06-05,12.94,17.45,10.15,10.50
2019-06-06,13.00,17.15,10.55,5.40
2019-06-07,12.54,15.60,9.20,1.30
2019-06-08,13.19,18.15,9.95,0.70
2019-06-09,12.35,16.10,9.35,6.60
2019-06-10,12.12,13.95,10.70,9.70
2019-06-11,12.38,15.75,9.80,8.30
2019-06-12,12.77,15.65,10.90,7.50
2019-06-13,12.39,15.75,8.50,0.40
2019-06-14,12.28,14.65,10.80,7.20
2019-06-15,13.25,17.40,8.55,0.90
2019-06-16,13.17,17.25,9.85,7.00
2019-06-17,13.09,16.50,10.60,4.70
2019-06-18,12.58,15.25,10.50,2.80
2019-06-19,13.36,18.05,9.70,0.20
2019-06-20,12.36,15.80,10.25,8.50
2019-06-21,11.54,14.80,9.05,15.00
2019-06-22,12.07,15.95,9.20,2.50
2019-06-23,11.49,13.90,9.75,4.10
2019-06-24,12.16,15.00,10.15,2.60
2019-06-25,13.52,19.10,9.10,0.20
2019-06-26,13.91,18.90,8.90,6.50
2019-06-27,13.37,18.35,8.90,0.50
2019-06-28,12.81,17.40,9.35,1.70
2019-06-29,12.08,15.70,8.50,4.10
2019-06-30,11.76,15.10,9.40,6.60
2019-07-01,11.88,16.00,8.90,1.10
2019-07-02,12.81,17.00,9.65,0.80
2019-07-03,13.67,19.50,8.15,1.10
2019-07-04,13.84,18.15,10.20,1.20
2019-07-05,13.41,18.25,9.00,0.40
2019-07-06,11.93,15.75,9.75,5.80
2019-07-07,11.96,15.60,9.55,7.00
2019-07-08,11.99,16.45,9.00,3.60
2019-07-09,11.63,16.95,7.85,0.30
2019-07-10,12.00,17.50,8.10,0.00
2019-07-11,12.42,18.00,5.55,0.00
2019-07-12,12.52,16.75,8.65,1.30
2019-07-13,12.12,16.20,8.75,4.50
2019-07-14,11.35,13.65,9.65,10.40
2019-07-15,12.34,17.00,8.15,4.90
2019-07-16,12.56,18.40,7.40,0.00
2019-07-17,12.63,17.40,9.00,1.20
2019-07-18,12.65,17.25,9.80,2.60
2019-07-19,12.38,17.40,8.75,3.10
2019-07-20,12.60,17.05,8.70,3.40
2019-07-21,12.53,16.80,10.20,3.60
2019-07-22,12.36,16.65,9.25,0.90
2019-07-23,11.20,13.30,9.00,1.40
2019-07-24,10.99,13.35,9.05,3.00
2019-07-25,11.43,15.20,7.35,2.40
2019-07-26,12.85,18.00,9.80,1.90
2019-07-27,11.88,16.60,7.35,6.00
2019-07-28,11.62,15.65,8.85,4.80
2019-07-29,12.55,18.90,7.25,0.20
2019-07-30,12.07,18.80,5.10,0.00
2019-07-31,11.94,17.45,7.60,0.20
2019-08-01,12.57,19.55,6.05,0.00
2019-08-02,13.32,18.75,8.95,1.10
2019-08-03,12.54,17.35,8.75,7.40
2019-08-04,11.22,14.15,9.10,9.70
2019-08-05,12.14,15.95,9.45,0.80
2019-08-06,12.81,18.75,8.90,0.00
2019-08-07,12.31,17.45,7.80,0.10
2019-08-08,12.76,18.00,8.50,1.10
2019-08-09,12.82,18.00,9.40,0.80
2019-08-10,12.96,18.60,9.40,0.70
2019-08-11,12.83,17.80,9.15,3.40
2019-08-12,13.29,19.25,9.10,0.50
2019-08-13,12.31,17.65,8.45,3.00
2019-08-14,10.99,14.35,9.10,9.50
2019-08-15,11.11,16.80,7.50,1.80
2019-08-16,10.36,14.60,6.35,1.40
2019-08-17,12.15,17.20,8.35,1.70
2019-08-18,13.07,18.65,8.60,0.20
2019-08-19,12.61,17.85,7.55,0.30
2019-08-20,11.99,16.60,8.90,1.00
2019-08-21,12.25,17.90,9.15,3.20
2019-08-22,12.23,16.75,9.30,3.90
2019-08-23,12.20,16.05,9.45,5.20
2019-08-24,12.26,17.45,8.75,4.60
2019-08-25,13.19,19.20,8.65,0.40
2019-08-26,12.57,18.95,8.15,0.40
2019-08-27,13.15,18.35,9.70,1.50
2019-08-28,12.28,15.85,9.15,7.80
2019-08-29,13.01,18.75,9.50,1.80
2019-08-30,12.59,19.30,5.20,0.00
2019-08-31,12.84,18.95,8.00,0.20
2019-09-01,12.77,19.20,6.40,0.00
2019-09-02,12.83,19.55,5.20,0.00
2019-09-03,13.61,20.05,7.40,0.00
2019-09-04,13.27,18.65,8.35,0.00
2019-09-05,13.55,19.00,9.85,0.30
2019-09-06,12.92,18.40,9.40,1.20
2019-09-07,13.63,19.95,9.25,0.10
2019-09-08,13.30,19.75,9.05,0.70
2019-09-09,13.25,19.20,6.70,0.10
2019-09-10,13.46,20.45,6.30,0.00
2019-09-11,14.10,20.95,7.60,0.00
2019-09-12,13.78,19.20,9.70,1.50
2019-09-13,13.90,19.00,10.10,2.00
2019-09-14,13.64,18.50,10.30,0.60
2019-09-15,13.63,18.90,9.35,0.60
2019-09-16,14.06,20.85,9.60,0.00
2019-09-17,14.14,20.90,7.80,0.00
2019-09-18,13.74,20.20,8.40,1.80
2019-09-19,14.09,19.65,10.50,0.10
2019-09-20,13.11,16.50,10.05,0.00
2019-09-21,13.81,18.50,10.20,0.00
2019-09-22,14.21,20.25,8.25,0.00
2019-09-23,13.05,18.70,8.80,3.90
2019-09-24,12.54,16.45,10.40,13.00
2019-09-25,12.85,18.10,9.00,0.20
2019-09-26,13.37,19.70,8.60,0.00
2019-09-27,14.34,19.90,9.75,0.40
2019-09-28,14.44,19.40,9.90,0.00
2019-09-29,14.73,21.10,8.45,0.50
2019-09-30,14.96,21.30,10.40,0.90
2019-10-01,14.87,21.85,8.85,0.10
2019-10-02,15.14,21.00,10.65,0.40
2019-10-03,12.73,16.90,9.90,2.70
2019-10-04,14.31,20.50,9.95,0.00
2019-10-05,14.93,20.95,7.65,0.00
2019-10-06,14.98,20.75,9.25,0.00
2019-10-07,14.88,20.85,10.00,0.10
2019-10-08,12.57,16.40,8.90,15.70
2019-10-09,13.50,18.40,7.35,0.50
2019-10-10,12.79,18.15,9.10,1.80
2019-10-11,13.19,17.45,9.70,4.30
2019-10-12,13.15,17.30,9.90,0.60
2019-10-13,13.13,17.40,10.30,0.80
2019-10-14,12.69,18.30,6.50,0.00
2019-10-15,13.51,18.25,9.40,0.00
2019-10-16,13.32,18.00,9.25,0.00
2019-10-17,14.12,19.55,9.00,0.30
2019-10-18,13.99,19.70,9.50,2.50
2019-10-19,13.82,18.35,9.80,1.70
2019-10-20,12.76,16.85,10.40,2.40
2019-10-21,13.50,19.00,9.05,0.20
2019-10-22,13.92,19.85,8.55,0.40
2019-10-23,13.15,17.45,9.80,1.10
2019-10-24,13.43,18.70,9.85,1.70
2019-10-25,13.41,17.40,10.00,0.60
2019-10-26,12.75,15.20,10.20,2.40
2019-10-27,13.14,16.55,9.30,0.80
2019-10-28,14.01,19.25,8.90,0.20
2019-10-29,14.16,20.25,8.10,0.60
2019-10-30,14.08,19.65,7.65,1.00
2019-10-31,14.37,19.50,10.20,0.10
2019-11-01,14.40,20.30,9.50,5.80
2019-11-02,15.03,19.55,11.10,0.00
2019-11-03,15.24,20.80,11.30,0.10
2019-11-04,15.86,21.30,11.20,0.00
2019-11-05,15.36,20.70,9.75,0.00
2019-11-06,14.91,19.85,10.00,0.00
2019-11-07,14.17,18.55,10.25,1.50
2019-11-08,14.02,19.20,7.90,0.00
2019-11-09,14.03,18.45,10.75,1.60
2019-11-10,14.83,20.10,10.60,0.40
2019-11-11,14.12,19.35,8.85,0.50
2019-11-12,14.51,20.20,10.65,1.20
2019-11-13,14.75,20.20,10.80,1.00
2019-11-14,15.00,21.10,10.45,0.60
2019-11-15,14.66,20.30,11.55,0.10
2019-11-16,13.90,19.70,9.90,0.40
2019-11-17,14.62,22.60,9.25,1.80
2019-11-18,14.51,20.95,9.45,3.40
2019-11-19,14.17,19.80,11.05,16.30
2019-11-20,13.75,17.75,9.20,0.10
2019-11-21,14.42,19.90,11.35,0.20
2019-11-22,14.48,20.65,10.20,0.30
2019-11-23,13.99,19.10,9.15,0.80
2019-11-24,14.19,19.15,9.85,2.00
2019-11-25,14.68,20.10,9.75,0.00
2019-11-26,14.36,20.40,8.25,0.20
2019-11-27,14.32,19.60,10.75,1.70
2019-11-28,14.68,20.05,9.40,0.40
2019-11-29,15.48,21.80,10.85,0.10
2019-11-30,15.67,21.95,10.55,0.70
2019-12-01,14.18,18.80,10.95,1.60
2019-12-02,14.25,18.90,10.90,1.10
2019-12-03,14.92,20.30,9.75,0.00
2019-12-04,15.35,20.20,10.70,0.40
2019-12-05,15.36,21.40,10.40,0.10
2019-12-06,15.24,20.60,10.50,0.00
2019-12-07,15.20,20.25,10.60,0.30
2019-12-08,15.45,22.50,11.00,0.10
2019-12-09,13.98,18.30,10.75,1.60
2019-12-10,15.40,21.20,10.30,0.00
2019-12-11,15.11,21.95,10.05,1.60
2019-12-12,14.40,20.20,11.00,7.40
2019-12-13,14.45,21.30,9.10,0.00
2019-12-14,15.33,22.50,9.55,0.00
2019-12-15,15.00,21.20,10.85,0.20
2019-12-16,15.61,21.95,10.20,0.20
2019-12-17,15.86,22.00,10.20,0.20
2019-12-18,15.73,22.20,9.55,0.00
2019-12-19,14.50,19.95,10.10,1.10
2019-12-20,13.92,18.20,10.80,1.30
2019-12-21,14.06,18.30,10.45,1.20
2019-12-22,14.87,20.35,10.35,1.00
2019-12-23,13.81,18.40,11.10,2.80
2019-12-24,14.59,19.45,11.05,1.30
2019-12-25,15.11,20.70,10.60,0.10
2019-12-26,15.01,20.10,11.05,1.40
2019-12-27,15.46,20.50,10.50,0.00
2019-12-28,14.56,19.10,11.10,0.50
2019-12-29,15.17,20.65,10.75,0.20
2019-12-30,14.88,20.50,11.05,0.70
2019-12-31,14.92,20.95,10.50,1.90
2020-01-01,14.46,19.35,11.20,7.30
2020-01-02,13.40,17.80,10.95,7.90
2020-01-03,13.98,19.65,10.25,2.60
2020-01-04,13.91,21.00,7.35,0.00
2020-01-05,14.87,21.60,9.60,0.20
2020-01-06,14.74,21.20,8.60,0.50
2020-01-07,15.19,21.90,9.60,0.00
2020-01-08,14.05,20.20,10.35,0.90
2020-01-09,13.83,20.70,6.80,0.00
2020-01-10,14.90,19.90,11.55,0.00
2020-01-11,14.87,19.25,12.05,0.10
2020-01-12,14.90,20.40,10.70,1.40
2020-01-13,15.22,20.50,11.45,1.50
2020-01-14,14.85,20.80,10.50,0.50
2020-01-15,16.20,21.70,11.95,0.60
2020-01-16,15.68,20.80,11.00,0.50
2020-01-17,15.16,19.65,11.05,1.30
2020-01-18,14.70,17.60,12.75,5.60
2020-01-19,14.92,19.80,11.90,0.90
2020-01-20,14.54,18.95,11.40,1.20
2020-01-21,14.64,20.55,11.30,0.00
2020-01-22,14.91,21.75,10.45,0.30
2020-01-23,14.80,22.50,7.15,0.00
2020-01-24,15.13,21.95,10.60,0.80
2020-01-25,14.63,19.60,11.05,0.70
2020-01-26,14.98,20.25,11.60,1.10
2020-01-27,14.65,20.15,9.65,0.20
2020-01-28,15.03,22.25,9.20,0.00
2020-01-29,14.89,20.45,10.75,0.00
2020-01-30,15.39,21.25,10.60,0.80
2020-01-31,14.96,19.35,10.50,0.60
2020-02-01,13.06,16.05,10.95,2.00
2020-02-02,14.29,19.40,10.25,0.40
2020-02-03,14.54,19.70,10.00,2.40
2020-02-04,15.13,20.10,10.15,0.30
2020-02-05,15.37,21.70,10.10,0.00
2020-02-06,14.95,21.55,9.10,0.00
2020-02-07,15.32,21.30,11.15,1.30
2020-02-08,15.94,22.25,10.45,0.30
2020-02-09,15.69,20.75,11.55,2.10
2020-02-10,14.94,20.15,11.30,1.40
2020-02-11,15.57,21.95,10.35,0.30
2020-02-12,15.75,21.85,10.45,0.00
2020-02-13,15.83,22.25,10.00,0.00
2020-02-14,15.92,23.00,9.55,0.10
2020-02-15,16.57,22.50,12.05,0.10
2020-02-16,16.06,21.15,12.50,0.40
2020-02-17,16.23,21.85,12.20,1.40
2020-02-18,15.61,20.25,11.90,3.80
2020-02-19,15.42,19.20,11.85,1.70
2020-02-20,15.34,20.35,10.35,0.10
2020-02-21,16.41,21.75,11.95,1.90
2020-02-22,15.21,21.25,11.85,3.50
2020-02-23,14.87,20.70,12.00,3.80
2020-02-24,14.29,19.20,9.20,0.00
2020-02-25,15.24,20.95,10.00,0.20
2020-02-26,14.81,21.35,9.75,1.10
2020-02-27,15.29,21.10,11.70,1.00
2020-02-28,15.11,20.60,10.85,0.20
2020-02-29,15.05,20.35,10.90,10.20
2020-03-01,15.27,20.15,11.80,0.20
2020-03-02,14.72,18.60,11.95,3.40
2020-03-03,15.16,19.05,12.15,0.90
2020-03-04,15.42,20.75,11.45,1.30
2020-03-05,15.61,19.95,11.60,2.20
2020-03-06,14.75,18.80,12.55,5.40
2020-03-07,14.82,19.35,11.75,3.50
2020-03-08,14.94,20.10,11.70,1.60
2020-03-09,15.47,20.70,11.90,0.10
2020-03-10,14.87,19.60,12.05,0.80
2020-03-11,14.56,18.80,11.60,0.30
2020-03-12,15.31,20.40,10.70,0.00
2020-03-13,15.54,21.05,10.60,0.40
2020-03-14,15.51,20.40,11.35,0.30
2020-03-15,15.66,21.70,9.20,0.80
2020-03-16,15.65,22.40,12.00,1.70
2020-03-17,14.92,19.00,11.30,0.40
2020-03-18,14.47,21.45,9.25,1.80
2020-03-19,15.17,22.80,10.40,0.10
2020-03-20,14.45,22.70,9.15,0.20
2020-03-21,14.52,22.60,7.15,0.00
2020-03-22,15.02,24.45,8.60,0.00
2020-03-23,14.71,21.80,8.40,0.20
2020-03-24,15.99,22.50,11.45,0.20
2020-03-25,16.09,22.00,11.55,0.80
2020-03-26,16.71,22.90,11.65,0.30
2020-03-27,17.11,23.35,12.30,0.00
2020-03-28,16.38,21.25,12.15,0.70
2020-03-29,15.65,19.70,11.80,0.30
2020-03-30,14.17,17.80,11.45,4.00
2020-03-31,13.98,18.50,10.65,6.50
2020-04-01,14.07,18.20,11.45,23.20
2020-04-02,13.59,16.10,12.15,8.50
2020-04-03,14.65,20.75,11.20,2.00
2020-04-04,15.15,20.90,10.55,2.00
2020-04-05,15.33,19.85,10.60,1.00
2020-04-06,15.09,19.55,10.35,1.40
2020-04-07,14.31,18.70,10.80,4.50
2020-04-08,15.32,20.00,11.65,1.40
2020-04-09,14.13,18.20,11.25,4.00
2020-04-10,14.91,19.70,11.85,7.50
2020-04-11,13.21,16.00,11.80,13.90
2020-04-12,13.49,17.05,10.85,2.60
2020-04-13,13.95,19.20,10.60,0.00
2020-04-14,14.30,20.10,10.70,1.80
2020-04-15,12.61,16.05,10.15,9.70
2020-04-16,12.04,17.20,10.05,28.00
2020-04-17,12.40,16.95,8.95,9.30
2020-04-18,12.75,16.55,10.50,5.30
2020-04-19,12.88,18.05,9.55,0.60
2020-04-20,13.03,17.25,9.00,1.10
2020-04-21,13.44,18.50,8.40,0.20
2020-04-22,13.73,18.15,10.05,0.10
2020-04-23,13.93,19.50,10.05,1.00
2020-04-24,14.46,20.10,10.15,0.00
2020-04-25,13.99,19.05,9.95,0.20
2020-04-26,14.19,19.85,10.35,0.10
2020-04-27,14.40,18.90,11.10,1.10
2020-04-28,13.32,16.65,10.50,2.90
2020-04-29,14.17,17.85,10.60,4.20
2020-04-30,13.98,16.50,11.30,9.00
2020-05-01,13.57,15.85,11.85,19.80
2020-05-02,14.21,18.05,11.55,20.00
2020-05-03,13.94,16.95,11.75,13.50
2020-05-04,13.81,17.55,10.75,2.40
2020-05-05,14.37,19.10,10.35,0.20
2020-05-06,14.30,19.25,10.50,2.00
2020-05-07,14.06,18.25,10.80,0.90
2020-05-08,14.69,19.50,11.40,2.10
2020-05-09,14.52,18.95,11.95,1.80
2020-05-10,14.12,18.90,8.85,0.00
2020-05-11,14.15,19.70,9.45,0.40
2020-05-12,13.87,18.95,11.35,8.60
2020-05-13,13.02,15.25,10.55,2.80
2020-05-14,14.66,19.10,11.10,0.10
2020-05-15,14.00,19.00,10.05,0.10
2020-05-16,13.27,18.40,10.35,6.30
2020-05-17,13.51,16.65,10.50,1.00
2020-05-18,13.27,17.60,10.30,10.20
2020-05-19,13.47,16.95,10.90,7.20
2020-05-20,14.17,19.15,10.70,2.00
2020-05-21,13.56,16.80,9.95,8.80
2020-05-22,13.74,19.25,9.45,0.40
2020-05-23,12.65,16.55,9.50,1.10
2020-05-24,13.35,17.55,10.30,2.90
2020-05-25,14.02,18.60,10.90,1.50
2020-05-26,13.20,17.75,10.35,8.70
2020-05-27,13.24,17.85,9.20,2.60
2020-05-28,13.88,19.10,10.40,0.60
2020-05-29,13.45,19.30,9.70,0.50
2020-05-30,13.67,19.00,8.65,0.80
2020-05-31,13.60,17.20,9.30,0.20
2020-06-01,13.78,19.15,9.55,0.20
2020-06-02,13.33,17.30,10.45,0.00
2020-06-03,14.05,18.95,10.05,0.00
2020-06-04,14.30,19.75,9.75,0.00
2020-06-05,12.42,16.95,10.15,14.60
2020-06-06,12.95,18.80,7.70,0.00
2020-06-07,13.17,19.05,8.35,0.00
2020-06-08,13.80,19.20,9.80,0.30
2020-06-09,13.65,19.70,8.25,0.10
2020-06-10,13.38,19.05,8.95,0.20
2020-06-11,13.39,19.80,8.10,0.00
2020-06-12,14.11,20.45,8.70,0.00
2020-06-13,14.12,20.35,8.35,1.80
2020-06-14,13.32,17.25,10.55,4.60
2020-06-15,12.30,15.40,9.65,8.40
2020-06-16,12.65,16.05,10.10,4.20
2020-06-17,13.52,18.80,9.50,1.20
2020-06-18,13.61,18.45,8.25,0.00
2020-06-19,12.42,16.10,9.25,6.00
2020-06-20,12.16,15.50,10.10,12.80
2020-06-21,12.02,15.95,9.75,20.70
2020-06-22,12.50,17.10,9.45,3.30
2020-06-23,12.40,16.00,9.35,0.40
2020-06-24,13.63,18.55,10.10,0.10
2020-06-25,13.00,17.35,8.85,0.30
2020-06-26,12.41,15.90,9.50,3.50
2020-06-27,12.17,16.20,9.00,3.10
2020-06-28,12.21,15.70,8.55,0.50
2020-06-29,12.89,16.95,9.70,0.80
2020-06-30,13.38,18.20,9.90,0.10
2020-07-01,13.02,17.30,9.80,1.10
2020-07-02,12.21,15.25,9.40,0.60
2020-07-03,12.31,15.85,9.65,1.50
2020-07-04,12.54,17.20,8.00,1.30
2020-07-05,13.46,18.70,9.70,1.20
2020-07-06,12.46,16.35,9.80,4.00
2020-07-07,13.09,18.35,9.05,0.40
2020-07-08,12.56,17.75,8.20,0.20
2020-07-09,12.36,17.05,7.85,0.00
2020-07-10,11.91,16.00,8.60,0.00
2020-07-11,12.50,16.50,9.30,2.00
2020-07-12,13.30,18.55,9.25,0.00
2020-07-13,11.52,15.85,9.10,2.90
2020-07-14,12.55,16.95,9.50,0.70
2020-07-15,11.47,14.90,8.90,4.40
2020-07-16,12.51,18.75,7.90,0.60
2020-07-17,12.49,18.70,7.30,0.10
2020-07-18,11.55,16.15,7.25,0.30
2020-07-19,11.30,13.65,9.30,4.10
2020-07-20,11.29,14.75,8.20,6.20
2020-07-21,12.26,17.40,6.95,0.80
2020-07-22,11.61,15.55,7.85,0.30
2020-07-23,12.90,18.35,7.55,0.10
2020-07-24,12.80,18.20,8.10,0.40
2020-07-25,13.41,18.20,10.35,0.10
2020-07-26,12.64,16.45,9.80,1.90
2020-07-27,13.14,18.35,9.75,0.20
2020-07-28,13.10,19.05,7.40,0.00
2020-07-29,11.34,14.50,7.35,1.00
2020-07-30,11.78,15.00,9.40,7.00
2020-07-31,10.54,12.55,8.90,16.00
2020-08-01,12.37,17.80,8.95,3.50
2020-08-02,12.93,18.85,7.55,0.20
2020-08-03,11.95,16.05,8.95,0.90
2020-08-04,12.25,18.20,7.60,0.30
2020-08-05,11.42,15.10,7.85,0.00
2020-08-06,12.21,17.05,9.50,1.10
2020-08-07,11.62,14.85,9.10,1.00
2020-08-08,12.44,17.05,9.95,0.80
2020-08-09,13.18,18.65,10.00,0.10
2020-08-10,13.68,21.35,9.25,0.10
2020-08-11,13.50,21.05,7.45,0.00
2020-08-12,14.32,20.90,8.75,0.00
2020-08-13,14.60,20.50,9.25,0.00
2020-08-14,14.14,19.40,10.25,0.50
2020-08-15,13.40,17.45,10.35,1.10
2020-08-16,14.15,20.25,8.65,0.00
2020-08-17,13.98,20.45,8.15,0.00
2020-08-18,14.58,21.25,9.25,0.00
2020-08-19,14.63,21.80,8.30,6.80
2020-08-20,13.88,18.05,9.40,0.60
2020-08-21,11.22,14.85,8.85,14.10
2020-08-22,13.36,19.10,8.85,0.50
2020-08-23,13.15,19.65,6.10,0.00
2020-08-24,12.66,19.85,4.95,0.00
2020-08-25,12.76,19.55,5.55,0.00
2020-08-26,13.01,20.45,5.55,0.00
2020-08-27,12.93,19.65,5.90,0.00
2020-08-28,12.95,18.40,9.25,0.60
2020-08-29,12.94,18.85,9.50,5.00
2020-08-30,13.70,19.80,9.05,3.80
2020-08-31,13.76,19.85,8.65,0.00
2020-09-01,11.82,13.80,10.15,5.60
2020-09-02,12.52,18.00,8.60,0.10
2020-09-03,13.66,19.40,9.70,1.70
2020-09-04,13.37,18.70,9.95,3.20
2020-09-05,12.94,18.00,9.50,2.40
2020-09-06,12.67,18.30,7.00,0.00
2020-09-07,12.93,18.90,6.85,0.00
2020-09-08,12.82,18.00,8.80,0.70
2020-09-09,12.91,17.65,8.40,0.80
2020-09-10,13.46,19.10,10.00,0.30
2020-09-11,13.52,19.45,8.80,0.00
2020-09-12,14.24,19.95,9.10,0.10
2020-09-13,14.24,19.95,9.65,0.90
2020-09-14,13.71,18.85,10.00,0.40
2020-09-15,11.77,16.40,7.20,0.70
2020-09-16,13.34,20.70,6.45,0.90
2020-09-17,14.35,20.20,10.10,1.90
2020-09-18,14.04,20.90,9.35,5.30
2020-09-19,14.02,18.90,9.75,0.20
2020-09-20,13.91,19.10,10.40,1.10
2020-09-21,13.99,19.60,8.95,0.00
2020-09-22,14.81,21.05,9.50,0.70
2020-09-23,12.46,15.50,9.45,7.70
2020-09-24,12.38,16.60,10.15,14.00
2020-09-25,12.65,17.95,7.25,0.30
2020-09-26,12.87,19.10,6.35,0.00
2020-09-27,13.51,19.90,8.20,3.30
2020-09-28,13.70,19.40,8.75,0.10
2020-09-29,13.87,19.30,9.50,1.20
2020-09-30,12.82,17.35,9.75,6.50
2020-10-01,12.91,16.65,10.05,0.00
2020-10-02,12.32,18.95,5.10,0.00
2020-10-03,12.27,17.35,8.55,3.80
2020-10-04,12.05,15.40,10.05,12.00
2020-10-05,12.16,17.65,7.60,0.30
2020-10-06,13.15,19.10,7.40,0.00
2020-10-07,13.29,18.75,9.80,1.00
2020-10-08,11.93,14.35,10.10,2.00
2020-10-09,12.75,18.70,8.15,0.00
2020-10-10,12.79,19.80,6.45,0.00
2020-10-11,13.35,20.45,5.85,0.00
2020-10-12,13.36,19.60,7.70,0.10
2020-10-13,13.35,19.00,9.30,0.50
2020-10-14,13.54,19.15,8.35,0.10
2020-10-15,13.89,18.85,9.30,2.20
2020-10-16,13.25,16.90,10.60,2.30
2020-10-17,13.54,19.00,9.45,1.20
2020-10-18,13.72,18.35,10.45,0.20
2020-10-19,13.67,19.05,10.35,0.10
2020-10-20,14.54,20.35,10.60,2.00
2020-10-21,13.67,17.60,10.90,2.80
2020-10-22,13.62,18.70,10.05,0.60
2020-10-23,14.19,19.10,10.30,0.00
2020-10-24,14.51,21.45,9.00,9.00
2020-10-25,14.53,20.05,11.25,1.50
2020-10-26,14.27,21.25,8.75,2.60
2020-10-27,14.17,21.40,8.50,0.70
2020-10-28,13.99,20.45,9.55,3.20
2020-10-29,14.81,21.75,9.05,0.10
2020-10-30,13.90,20.20,9.15,0.10
2020-10-31,14.71,21.75,9.45,0.00
2020-11-01,14.85,23.60,8.65,0.00
2020-11-02,14.59,24.85,7.45,0.00
2020-11-03,14.61,24.00,7.30,0.00
2020-11-04,15.58,23.45,9.40,0.20
2020-11-05,15.63,24.05,10.05,0.50
2020-11-06,15.64,22.60,9.55,0.60
2020-11-07,14.91,20.45,10.80,0.00
2020-11-08,14.07,20.15,8.80,0.50
2020-11-09,14.35,20.95,8.80,0.20
2020-11-10,15.41,24.00,9.05,0.00
2020-11-11,15.57,22.60,10.80,0.10
2020-11-12,14.00,20.60,10.75,6.70
2020-11-13,14.63,21.55,9.65,1.10
2020-11-14,13.78,20.10,9.80,0.80
2020-11-15,13.83,18.75,10.55,1.60
2020-11-16,12.92,16.30,10.70,1.40
2020-11-17,13.80,19.65,9.65,1.10
2020-11-18,14.47,18.95,10.25,0.20
2020-11-19,13.85,18.65,10.70,0.80
2020-11-20,13.45,18.60,10.60,7.20
2020-11-21,13.50,19.45,10.45,0.60
2020-11-22,13.94,20.10,10.10,3.40
2020-11-23,13.68,18.00,10.70,4.90
2020-11-24,13.10,16.85,10.30,6.60
2020-11-25,13.52,18.80,7.95,0.10
2020-11-26,14.05,19.25,8.25,3.90
2020-11-27,12.94,15.15,11.05,1.50
2020-11-28,13.48,18.10,10.45,3.70
2020-11-29,14.03,19.20,10.65,1.60
2020-11-30,13.93,19.20,9.15,0.00
2020-12-01,14.15,19.85,9.25,0.00
2020-12-02,12.46,15.25,10.40,3.90
2020-12-03,13.78,18.30,9.70,0.10
2020-12-04,14.17,19.35,9.35,0.70
2020-12-05,12.62,15.90,10.00,4.80
2020-12-06,13.09,17.90,9.40,0.60
2020-12-07,13.14,17.15,9.50,0.20
2020-12-08,13.50,18.25,8.80,0.30
2020-12-09,14.07,19.95,8.85,0.90
2020-12-10,13.99,21.00,8.10,3.40
2020-12-11,14.50,20.20,10.30,0.30
2020-12-12,14.54,20.55,9.00,0.00
2020-12-13,14.26,18.60,10.65,0.00
2020-12-14,14.07,19.50,9.75,0.20
2020-12-15,14.04,19.70,9.70,5.30
2020-12-16,13.85,19.10,9.45,0.10
2020-12-17,12.60,15.05,10.30,2.60
2020-12-18,12.97,17.50,10.25,1.10
2020-12-19,13.63,18.75,9.05,0.80
2020-12-20,13.56,19.10,8.65,0.00
2020-12-21,14.59,19.75,10.00,0.00
2020-12-22,14.63,19.30,10.95,0.40
2020-12-23,14.90,19.80,10.60,0.10
2020-12-24,15.54,22.00,10.00,0.10
2020-12-25,14.71,19.95,11.05,0.80
2020-12-26,14.19,19.10,10.70,0.00
2020-12-27,14.27,20.65,9.00,0.00
2020-12-28,13.32,18.10,9.95,1.00
2020-12-29,13.95,19.80,9.45,0.30
2020-12-30,13.81,18.70,11.20,9.30
2020-12-31,14.23,20.05,9.55,0.70
2021-01-01,13.60,18.30,9.45,0.40
2021-01-02,12.94,17.40,9.85,2.20
2021-01-03,13.68,18.95,10.25,1.80
2021-01-04,13.77,19.45,10.20,0.90
2021-01-05,13.12,18.05,9.65,1.10
2021-01-06,12.63,17.85,9.20,1.10
2021-01-07,12.64,16.65,9.75,0.00
2021-01-08,12.07,16.55,8.30,2.10
2021-01-09,12.11,15.90,9.35,1.50
2021-01-10,13.33,17.60,9.60,1.60
2021-01-11,13.24,17.65,9.85,3.20
2021-01-12,13.19,16.65,9.20,0.70
2021-01-13,13.42,17.85,10.25,1.20
2021-01-14,14.33,18.85,10.25,1.10
2021-01-15,14.43,20.15,9.15,0.20
2021-01-16,14.49,20.65,10.45,1.30
2021-01-17,13.54,19.35,7.35,0.10
2021-01-18,14.46,20.55,9.30,0.00
2021-01-19,14.39,19.20,10.05,0.90
2021-01-20,13.23,16.95,10.15,0.50
2021-01-21,13.85,17.85,10.55,0.80
2021-01-22,12.54,15.90,10.25,10.90
2021-01-23,12.97,16.45,10.45,4.30
2021-01-24,13.28,17.75,10.15,1.70
2021-01-25,12.60,16.90,9.20,0.20
2021-01-26,12.45,15.60,10.25,2.60
2021-01-27,13.53,18.20,10.20,0.40
2021-01-28,14.46,19.70,9.40,0.00
2021-01-29,14.98,20.25,11.05,0.00
2021-01-30,13.44,18.15,10.15,1.10
2021-01-31,13.95,20.20,7.20,0.10
2021-02-01,14.27,18.45,10.50,1.50
2021-02-02,13.90,18.00,10.70,0.70
2021-02-03,14.27,18.40,10.35,0.90
2021-02-04,14.62,19.85,10.40,1.80
2021-02-05,14.44,17.95,11.50,4.20
2021-02-06,14.82,20.50,10.15,0.30
2021-02-07,15.29,20.65,10.25,0.40
2021-02-08,14.95,19.80,11.50,1.70
2021-02-09,15.13,21.35,11.55,4.90
2021-02-10,14.94,20.65,10.85,5.10
2021-02-11,14.96,20.85,10.15,1.30
2021-02-12,14.51,18.95,11.20,2.00
2021-02-13,15.11,20.60,10.85,0.50
2021-02-14,15.38,21.45,10.75,0.60
2021-02-15,14.67,20.65,8.65,0.30
2021-02-16,13.89,19.55,10.65,2.10
2021-02-17,13.79,19.95,9.15,0.70
2021-02-18,13.29,18.65,9.60,2.80
2021-02-19,13.58,19.10,10.10,0.70
2021-02-20,13.59,18.65,10.55,3.30
2021-02-21,13.66,18.80,9.90,0.50
2021-02-22,12.67,15.50,9.50,5.40
2021-02-23,12.93,16.80,10.30,1.40
2021-02-24,13.75,18.55,10.50,0.40
2021-02-25,13.25,16.25,10.95,3.80
2021-02-26,14.29,18.55,10.75,1.30
2021-02-27,14.51,19.15,10.50,1.30
2021-02-28,14.29,19.15,11.15,7.80
2021-03-01,13.44,18.55,11.10,8.90
2021-03-02,13.11,18.45,10.55,7.80
2021-03-03,12.99,17.20,10.15,0.40
2021-03-04,13.13,17.75,10.15,0.10
2021-03-05,12.88,16.70,9.45,0.80
2021-03-06,14.00,19.00,10.10,0.40
2021-03-07,13.66,17.85,10.60,2.10
2021-03-08,13.22,16.80,10.45,5.70
2021-03-09,12.91,17.70,10.70,12.90
2021-03-10,12.91,17.50,9.70,5.90
2021-03-11,12.57,15.90,10.10,5.40
2021-03-12,13.18,18.60,9.95,0.20
2021-03-13,12.88,18.40,8.20,1.10
2021-03-14,13.51,20.00,8.65,2.70
2021-03-15,12.91,17.05,9.90,0.60
2021-03-16,12.03,15.40,10.15,5.00
2021-03-17,12.72,16.55,9.95,3.10
2021-03-18,12.09,14.65,10.05,5.90
2021-03-19,12.82,18.10,8.15,0.80
2021-03-20,13.51,19.15,9.25,0.00
2021-03-21,12.94,18.25,9.30,0.10
2021-03-22,12.81,18.10,9.30,0.30
2021-03-23,13.31,18.00,9.70,0.00
2021-03-24,13.35,18.60,10.25,3.80
2021-03-25,14.05,20.05,9.95,0.30
2021-03-26,14.24,19.10,11.00,1.60
2021-03-27,14.36,19.00,10.45,0.20
2021-03-28,14.33,18.95,10.85,0.30
2021-03-29,13.22,16.40,10.65,2.40
2021-03-30,12.87,15.85,10.35,2.60
2021-03-31,12.85,16.55,9.40,0.20
2021-04-01,14.21,19.75,8.80,0.00
2021-04-02,14.66,20.20,9.65,0.30
2021-04-03,13.62,17.15,9.70,15.60
2021-04-04,13.00,16.10,10.70,3.70
2021-04-05,13.69,17.45,10.05,1.00
2021-04-06,14.00,18.10,9.90,0.20
2021-04-07,12.87,16.05,10.00,1.10
2021-04-08,13.96,17.70,10.95,1.70
2021-04-09,13.70,18.25,8.35,0.40
2021-04-10,14.05,18.85,9.95,0.30
2021-04-11,13.93,18.30,10.00,0.20
2021-04-12,13.56,18.05,9.85,1.20
2021-04-13,13.95,19.20,10.60,1.30
2021-04-14,14.35,18.90,11.15,4.80
2021-04-15,13.95,17.50,11.40,6.70
2021-04-16,13.90,17.85,10.45,1.00
2021-04-17,13.41,17.80,9.80,0.10
2021-04-18,13.65,18.40,9.80,4.80
2021-04-19,12.39,14.95,10.60,6.70
2021-04-20,13.55,18.50,9.45,0.20
2021-04-21,13.16,17.95,9.35,0.80
2021-04-22,14.08,19.50,10.05,0.10
2021-04-23,14.05,19.45,10.65,5.60
2021-04-24,14.13,18.70,10.70,0.00
2021-04-25,14.47,20.25,9.20,0.00
2021-04-26,14.15,18.50,10.65,0.90
2021-04-27,13.86,20.45,10.90,12.90
2021-04-28,12.50,15.05,9.70,4.60
2021-04-29,13.41,18.30,8.95,2.80
2021-04-30,11.76,13.55,10.45,6.60
2021-05-01,11.89,17.50,9.50,10.00
2021-05-02,12.41,18.20,9.10,7.90
2021-05-03,11.11,12.25,10.30,5.60
2021-05-04,12.89,18.00,9.15,0.40
2021-05-05,13.44,18.85,9.65,4.10
2021-05-06,13.37,19.15,9.80,6.30
2021-05-07,13.10,16.15,10.30,0.60
2021-05-08,12.72,16.40,9.30,3.40
2021-05-09,13.36,18.30,10.05,1.90
2021-05-10,13.29,17.95,10.70,4.30
2021-05-11,12.73,17.50,9.55,3.80
2021-05-12,13.12,16.65,9.85,0.90
2021-05-13,13.82,18.50,10.80,2.30
2021-05-14,13.50,17.70,10.60,4.20
2021-05-15,12.61,15.55,10.20,10.20
2021-05-16,12.68,15.75,10.25,13.70
2021-05-17,12.90,17.20,10.15,16.20
2021-05-18,12.27,14.65,10.50,13.30
2021-05-19,13.38,19.65,8.85,0.20
2021-05-20,13.67,18.35,10.00,0.20
2021-05-21,14.05,19.55,8.60,0.10
2021-05-22,13.72,18.45,9.35,0.80
2021-05-23,13.13,16.90,9.85,2.30
2021-05-24,13.30,18.30,10.15,3.40
2021-05-25,13.30,17.05,10.60,4.40
2021-05-26,13.26,17.75,10.30,4.10
2021-05-27,13.85,18.85,9.25,0.80
2021-05-28,13.61,19.20,8.50,0.00
2021-05-29,14.25,20.50,8.60,0.00
2021-05-30,12.73,16.15,9.70,2.90
2021-05-31,12.88,17.00,10.05,0.90
2021-06-01,13.43,18.40,9.90,0.70
2021-06-02,13.40,18.15,9.75,0.00
2021-06-03,13.69,19.15,8.90,0.00
2021-06-04,13.74,19.50,8.80,0.00
2021-06-05,13.77,18.40,9.60,0.00
2021-06-06,12.41,16.70,9.00,3.40
2021-06-07,11.31,14.40,9.25,9.50
2021-06-08,12.00,15.65,9.50,7.60
2021-06-09,13.09,17.05,9.15,1.30
2021-06-10,13.63,18.60,9.20,0.00
2021-06-11,13.67,18.25,9.75,0.00
2021-06-12,13.41,17.95,9.40,0.50
2021-06-13,11.69,13.75,10.10,5.40
2021-06-14,12.54,16.75,8.90,7.30
2021-06-15,11.22,14.60,9.15,0.70
2021-06-16,11.78,16.45,7.50,0.00
2021-06-17,12.98,17.90,10.05,0.90
2021-06-18,12.45,16.55,9.65,2.80
2021-06-19,11.96,15.55,9.35,13.40
2021-06-20,10.54,13.00,9.05,11.20
2021-06-21,11.03,13.80,8.65,3.30
2021-06-22,11.90,16.65,6.70,0.20
2021-06-23,11.92,17.05,7.50,1.50
2021-06-24,13.26,18.45,9.35,0.10
2021-06-25,12.25,16.25,7.50,0.10
2021-06-26,12.01,15.95,7.95,0.50
2021-06-27,12.64,16.45,8.95,0.10
2021-06-28,12.69,17.25,8.10,0.00
2021-06-29,12.78,18.20,9.60,0.80
2021-06-30,11.39,15.00,9.30,12.10
2021-07-01,11.23,15.35,8.05,1.30
2021-07-02,11.83,17.35,7.50,0.20
2021-07-03,11.83,17.90,8.00,1.00
2021-07-04,11.74,18.15,7.35,0.00
2021-07-05,11.86,18.00,6.40,0.00
2021-07-06,12.04,18.20,6.45,0.00
2021-07-07,11.83,18.65,6.45,0.00
2021-07-08,12.06,17.70,7.60,1.00
2021-07-09,12.14,16.70,8.80,2.00
2021-07-10,12.15,15.35,9.55,3.90
2021-07-11,11.84,15.15,9.25,3.00
2021-07-12,11.59,16.50,7.60,2.70
2021-07-13,12.94,17.55,9.95,0.70
2021-07-14,13.08,18.30,9.25,0.50
2021-07-15,12.99,18.75,8.00,0.10
2021-07-16,12.81,17.80,8.25,0.00
2021-07-17,12.28,16.55,9.10,2.90
2021-07-18,11.38,15.30,9.40,9.70
2021-07-19,11.36,14.95,8.80,11.20
2021-07-20,11.90,15.35,9.50,3.10
2021-07-21,12.41,17.20,9.95,4.90
2021-07-22,11.80,16.20,9.15,2.90
2021-07-23,12.04,16.65,8.95,1.10
2021-07-24,12.33,17.35,8.95,1.60
2021-07-25,11.56,14.40,9.65,4.00
2021-07-26,11.73,16.40,8.30,5.00
2021-07-27,12.54,16.35,9.10,0.80
2021-07-28,12.65,18.50,8.15,0.10
2021-07-29,13.04,17.95,9.10,0.40
2021-07-30,13.13,17.95,10.25,0.70
2021-07-31,13.33,19.25,9.30,0.00
2021-08-01,12.37,17.60,8.80,1.60
2021-08-02,11.06,13.95,8.75,4.40
2021-08-03,11.89,17.00,8.60,1.50
2021-08-04,11.86,17.35,7.60,0.20
2021-08-05,11.15,18.40,4.90,0.10
2021-08-06,12.19,17.65,7.60,0.10
2021-08-07,12.99,18.85,8.85,0.10
2021-08-08,13.01,19.25,7.35,0.00
2021-08-09,13.06,18.75,8.75,0.00
2021-08-10,12.95,17.65,9.30,1.50
2021-08-11,12.09,16.90,9.20,1.00
2021-08-12,12.61,17.35,8.80,0.00
2021-08-13,12.18,17.70,8.70,1.10
2021-08-14,12.89,18.30,8.10,0.80
2021-08-15,13.32,17.25,9.80,0.20
2021-08-16,12.77,16.55,10.05,0.80
2021-08-17,12.95,17.70,9.95,1.00
2021-08-18,12.82,18.45,8.15,1.20
2021-08-19,12.72,16.85,9.60,2.40
2021-08-20,13.36,19.45,8.30,0.00
2021-08-21,13.59,19.75,8.65,0.40
2021-08-22,13.06,17.25,9.80,1.50
2021-08-23,13.32,17.80,8.00,0.00
2021-08-24,13.79,20.20,8.60,0.10
2021-08-25,13.81,18.95,9.90,3.40
2021-08-26,13.92,19.60,9.15,0.20
2021-08-27,13.57,18.20,8.90,0.10
2021-08-28,12.81,15.65,9.50,0.10
2021-08-29,13.19,19.40,8.45,0.10
2021-08-30,12.15,15.35,10.05,4.20
2021-08-31,12.92,17.65,9.10,6.80
2021-09-01,13.39,18.40,10.00,0.80
2021-09-02,13.37,18.55,9.15,0.30
2021-09-03,13.55,19.30,8.25,0.00
2021-09-04,13.77,19.80,7.50,0.00
2021-09-05,13.99,20.00,8.30,0.30
2021-09-06,11.19,13.65,9.65,9.00
2021-09-07,13.32,17.90,9.60,1.70
2021-09-08,13.59,18.15,9.35,0.10
2021-09-09,13.84,19.55,7.15,0.00
2021-09-10,13.45,18.15,8.40,0.20
2021-09-11,12.95,16.55,9.60,0.90
2021-09-12,12.42,15.75,9.15,2.20
2021-09-13,12.99,18.00,9.10,0.70
2021-09-14,12.96,18.90,6.35,0.00
2021-09-15,12.71,18.35,6.20,0.20
2021-09-16,12.71,18.00,8.90,0.60
2021-09-17,13.28,18.90,7.95,0.20
2021-09-18,12.44,17.35,8.05,1.40
2021-09-19,13.77,19.80,8.15,0.00
2021-09-20,14.36,20.00,9.25,0.00
2021-09-21,13.55,18.50,9.00,2.10
2021-09-22,12.14,15.20,9.40,6.30
2021-09-23,12.80,17.55,9.75,1.10
2021-09-24,12.65,17.85,9.20,2.50
2021-09-25,12.79,16.75,10.15,4.10
2021-09-26,13.26,18.50,9.35,0.70
2021-09-27,13.44,20.05,6.90,0.10
2021-09-28,13.71,19.95,7.25,0.00
2021-09-29,12.64,17.40,9.40,5.90
2021-09-30,13.08,18.10,9.70,0.10
2021-10-01,13.71,18.35,9.45,0.20
2021-10-02,14.07,19.55,9.50,0.10
2021-10-03,13.86,19.90,7.80,0.00
2021-10-04,14.34,19.70,9.55,0.00
2021-10-05,13.71,19.50,9.15,0.10
2021-10-06,14.34,20.05,9.50,0.30
2021-10-07,14.57,19.15,10.00,0.70
2021-10-08,14.94,20.95,9.45,0.00
2021-10-09,15.03,22.05,9.75,0.60
2021-10-10,13.19,17.90,9.20,3.30
2021-10-11,14.65,19.95,9.60,0.20
2021-10-12,14.02,18.95,8.70,0.10
2021-10-13,14.30,20.40,10.50,8.40
2021-10-14,14.04,19.80,10.15,2.50
2021-10-15,13.62,19.05,8.45,0.90
2021-10-16,12.94,16.40,9.90,2.90
2021-10-17,12.91,16.75,9.25,6.50
2021-10-18,12.80,18.70,7.60,8.70
2021-10-19,13.24,19.10,8.95,0.40
2021-10-20,13.27,19.20,9.10,3.00
2021-10-21,12.26,17.65,9.75,9.10
2021-10-22,12.95,19.80,9.45,13.60
2021-10-23,12.79,17.90,10.00,9.90
2021-10-24,13.00,19.65,8.85,10.20
2021-10-25,12.71,18.15,9.15,2.20
2021-10-26,11.66,15.95,9.30,3.60
2021-10-27,12.83,18.20,9.20,0.10
2021-10-28,13.19,18.00,9.75,0.90
2021-10-29,12.66,17.65,9.70,7.50
2021-10-30,12.50,18.05,9.25,5.10
2021-10-31,12.62,18.25,9.60,6.80
2021-11-01,12.43,17.55,8.15,2.30
2021-11-02,12.69,18.00,10.25,5.90
2021-11-03,12.53,19.15,8.90,9.00
2021-11-04,12.76,19.90,7.40,2.80
2021-11-05,12.60,17.65,7.80,4.10
2021-11-06,13.25,18.05,8.85,0.10
2021-11-07,13.53,18.35,8.95,1.00
2021-11-08,13.05,18.05,7.95,0.00
2021-11-09,12.50,16.05,10.05,1.90
2021-11-10,13.29,18.25,10.10,0.10
2021-11-11,13.94,20.15,9.20,1.30
2021-11-12,13.74,18.95,10.60,9.10
2021-11-13,13.96,19.65,10.15,0.50
2021-11-14,14.00,19.00,9.55,0.50
2021-11-15,13.99,21.10,8.45,0.60
2021-11-16,13.32,19.10,9.40,7.80
2021-11-17,14.19,21.00,9.15,1.90
2021-11-18,13.60,20.40,10.25,7.90
2021-11-19,12.15,18.50,9.90,7.40
2021-11-20,12.80,18.25,9.40,4.30
2021-11-21,13.65,17.60,9.90,0.30
2021-11-22,12.82,17.40,7.90,0.50
2021-11-23,12.59,17.95,7.75,11.20
2021-11-24,12.98,17.35,10.05,15.60
2021-11-25,12.50,16.90,9.55,3.50
2021-11-26,12.71,17.60,10.00,8.10
2021-11-27,13.86,19.00,9.45,0.30
2021-11-28,13.84,20.05,7.25,0.10
2021-11-29,13.01,19.00,9.70,10.00
2021-11-30,12.43,16.15,9.90,5.20
2021-12-01,12.97,18.90,9.65,1.00
2021-12-02,13.25,18.95,8.40,0.00
2021-12-03,13.55,18.90,8.25,1.70
2021-12-04,14.01,18.65,10.10,0.10
2021-12-05,13.42,18.55,9.60,3.20
2021-12-06,13.48,18.05,9.90,0.90
2021-12-07,14.24,19.40,10.35,0.20
2021-12-08,14.30,19.10,11.20,1.50
2021-12-09,13.86,20.45,8.45,0.40
2021-12-10,14.60,20.80,9.70,0.10
2021-12-11,13.43,19.95,9.70,10.60
2021-12-12,13.70,19.10,10.40,0.60
2021-12-13,13.34,17.65,9.90,0.50
2021-12-14,13.64,18.15,10.45,2.00
2021-12-15,14.12,19.15,9.00,0.20
2021-12-16,12.80,16.60,10.20,1.90
2021-12-17,13.54,16.75,10.65,7.60
2021-12-18,13.76,17.85,10.70,6.20
2021-12-19,13.36,17.70,10.75,3.60
2021-12-20,13.57,20.35,7.85,1.20
2021-12-21,14.37,20.10,10.65,0.60
2021-12-22,13.43,20.05,9.40,17.90
2021-12-23,13.37,20.65,6.55,0.30
2021-12-24,13.83,20.25,7.75,0.00
2021-12-25,13.43,20.25,7.40,0.20
2021-12-26,13.19,19.45,8.10,0.60
2021-12-27,14.80,20.75,10.05,0.30
2021-12-28,14.03,19.90,8.90,0.30
2021-12-29,13.80,18.90,9.25,0.30
2021-12-30,14.10,19.65,9.35,0.10
2021-12-31,15.32,20.50,11.05,0.30
2022-01-01,15.33,20.85,11.70,0.10
2022-01-02,15.01,20.90,10.65,0.20
2022-01-03,14.48,20.95,8.80,0.00
2022-01-04,14.94,22.50,8.10,0.00
2022-01-05,14.90,22.55,8.90,0.30
2022-01-06,14.55,20.15,10.95,1.70
2022-01-07,14.16,19.65,9.70,0.50
2022-01-08,14.21,21.10,8.15,0.00
2022-01-09,14.53,22.40,7.30,0.00
2022-01-10,14.04,21.15,9.55,1.10
2022-01-11,14.34,21.15,9.85,0.50
2022-01-12,13.72,20.00,9.70,3.60
2022-01-13,13.82,20.20,8.80,1.70
2022-01-14,13.45,20.10,9.80,8.40
2022-01-15,13.48,18.10,9.95,0.20
2022-01-16,13.88,17.90,10.35,0.10
2022-01-17,13.55,18.95,7.30,0.10
2022-01-18,14.05,20.75,7.55,0.00
2022-01-19,14.11,19.35,10.05,0.20
2022-01-20,14.32,18.90,11.40,0.70
2022-01-21,14.79,19.45,11.20,0.10
2022-01-22,14.80,19.40,11.25,0.50
2022-01-23,15.50,22.15,10.45,0.50
2022-01-24,15.69,21.95,11.75,1.00
2022-01-25,13.78,19.55,10.90,2.50
2022-01-26,13.43,18.55,10.20,9.50
2022-01-27,12.70,19.40,8.90,4.60
2022-01-28,12.45,19.50,8.70,16.30
2022-01-29,12.37,18.35,6.75,0.60
2022-01-30,12.45,17.50,9.55,11.10
2022-01-31,12.01,18.35,9.20,15.70
2022-02-01,12.68,19.00,8.45,3.00
2022-02-02,13.32,17.70,9.75,0.00
2022-02-03,13.74,19.35,9.40,0.00
2022-02-04,13.90,20.00,8.80,0.20
2022-02-05,13.18,19.65,9.15,15.50
2022-02-06,12.59,16.90,9.90,1.30
2022-02-07,12.67,17.75,10.30,11.20
2022-02-08,12.59,16.80,9.80,4.40
2022-02-09,13.15,18.25,9.85,3.60
2022-02-10,13.05,17.95,8.70,0.40
2022-02-11,13.06,17.45,8.85,0.20
2022-02-12,13.32,18.15,9.60,4.80
2022-02-13,13.89,19.40,10.45,0.30
2022-02-14,13.90,20.20,7.95,0.20
2022-02-15,14.14,19.65,10.40,0.20
2022-02-16,14.21,19.20,10.60,0.10
2022-02-17,14.25,19.95,9.95,1.10
2022-02-18,13.22,19.90,9.65,12.20
2022-02-19,13.70,19.90,8.65,0.80
2022-02-20,14.39,20.75,8.60,0.30
2022-02-21,14.53,21.05,8.95,0.20
2022-02-22,13.88,18.35,10.30,1.20
2022-02-23,13.56,19.75,9.30,5.50
2022-02-24,13.08,18.25,9.55,9.30
2022-02-25,13.55,17.55,10.85,4.80
2022-02-26,12.72,16.80,8.40,7.60
2022-02-27,12.04,15.05,9.80,15.60
2022-02-28,13.03,17.10,10.10,7.40
2022-03-01,13.61,19.20,10.45,7.70
2022-03-02,13.20,17.30,9.65,14.30
2022-03-03,12.80,16.95,9.85,0.60
2022-03-04,12.71,18.00,9.70,19.40
2022-03-05,12.58,18.05,9.75,11.00
2022-03-06,12.14,16.55,8.85,2.90
2022-03-07,12.47,18.35,8.80,7.20
2022-03-08,12.89,18.30,7.90,1.10
2022-03-09,13.51,19.55,8.00,0.20
2022-03-10,13.03,19.70,6.30,0.00
2022-03-11,13.65,19.25,10.10,6.30
2022-03-12,12.54,19.85,8.05,6.70
2022-03-13,13.03,18.80,9.25,5.80
2022-03-14,12.16,16.25,8.90,19.40
2022-03-15,12.25,16.90,7.95,3.60
2022-03-16,12.69,17.80,9.95,6.40
2022-03-17,12.68,17.45,10.05,5.50
2022-03-18,13.09,18.95,7.60,3.20
2022-03-19,13.08,18.30,8.50,0.10
2022-03-20,13.39,18.10,9.75,12.30
2022-03-21,12.72,16.10,10.45,3.30
2022-03-22,13.80,18.40,9.80,0.10
2022-03-23,13.80,19.20,10.15,0.60
2022-03-24,13.08,16.25,10.20,12.10
2022-03-25,13.15,18.15,8.95,4.60
2022-03-26,11.99,17.50,9.10,5.00
2022-03-27,12.96,17.15,10.00,6.50
2022-03-28,12.81,16.95,10.25,3.60
2022-03-29,12.77,16.55,10.70,7.90
2022-03-30,12.79,17.65,10.10,2.90
2022-03-31,12.53,16.75,8.80,7.00
2022-04-01,12.88,17.40,8.55,14.80
2022-04-02,13.03,16.25,10.15,1.80
2022-04-03,13.34,18.45,8.55,7.90
2022-04-04,13.17,18.75,7.60,5.70
2022-04-05,13.53,18.55,7.90,0.80
2022-04-06,13.40,16.35,10.05,2.60
2022-04-07,13.94,18.05,11.00,14.20
2022-04-08,13.64,18.20,9.95,7.20
2022-04-09,13.15,16.85,10.80,13.70
2022-04-10,13.23,16.95,10.15,3.50
2022-04-11,13.56,17.85,9.45,6.50
2022-04-12,13.86,17.65,10.40,1.00
2022-04-13,13.36,16.95,10.50,1.20
2022-04-14,13.51,18.05,9.80,2.80
2022-04-15,13.97,18.70,10.50,1.50
2022-04-16,14.36,18.95,11.05,0.30
2022-04-17,13.30,17.65,9.35,4.20
2022-04-18,13.12,16.40,10.55,26.10
2022-04-19,12.69,17.55,10.90,15.30
2022-04-20,12.79,18.00,10.40,16.30
2022-04-21,12.17,17.95,9.35,8.70
2022-04-22,12.19,18.30,7.35,4.20
2022-04-23,13.56,19.60,8.25,2.30
2022-04-24,12.92,16.85,8.75,2.20
2022-04-25,12.91,16.85,9.65,2.50
2022-04-26,13.08,18.50,8.05,5.90
2022-04-27,13.31,18.75,8.65,1.50
2022-04-28,12.26,14.80,8.60,1.50
2022-04-29,12.87,16.75,10.15,1.10
2022-04-30,13.31,17.65,10.00,0.90
2022-05-01,13.17,17.40,9.70,0.00
2022-05-02,13.43,18.75,9.20,7.00
2022-05-03,14.47,18.80,10.10,0.10
2022-05-04,13.68,18.35,9.00,1.70
2022-05-05,12.71,15.75,10.45,16.20
2022-05-06,12.25,15.10,10.60,5.50
2022-05-07,13.29,17.65,8.60,1.10
2022-05-08,13.48,16.55,10.70,2.70
2022-05-09,13.36,18.15,8.85,3.70
2022-05-10,13.35,17.20,9.65,8.60
2022-05-11,13.41,18.50,9.50,11.00
2022-05-12,13.06,17.00,10.50,9.30
2022-05-13,13.04,17.25,10.60,6.00
2022-05-14,12.16,14.85,10.60,18.70
2022-05-15,12.69,16.00,8.60,13.60
2022-05-16,12.30,15.05,9.55,4.40
2022-05-17,12.30,15.45,10.55,31.70
2022-05-18,12.52,16.20,9.90,14.70
2022-05-19,12.59,15.95,10.50,10.20
2022-05-20,12.84,17.30,9.05,0.10
2022-05-21,13.33,19.05,8.60,0.00
2022-05-22,13.44,19.25,8.20,0.00
2022-05-23,12.89,18.90,8.60,2.50
2022-05-24,13.30,18.40,8.30,0.20
2022-05-25,13.02,17.40,9.65,1.10
2022-05-26,12.16,15.60,9.90,18.10
2022-05-27,12.72,16.95,9.70,1.80
2022-05-28,11.52,14.45,8.35,0.50
2022-05-29,12.40,15.65,8.85,0.60
2022-05-30,12.01,15.20,7.65,0.80
2022-05-31,12.37,17.05,8.55,6.70
2022-06-01,12.37,17.55,9.90,9.90
2022-06-02,12.18,16.95,8.10,22.70
2022-06-03,11.58,14.70,9.05,13.50
2022-06-04,12.04,17.45,8.10,6.60
2022-06-05,11.89,17.00,8.45,0.20
2022-06-06,12.61,17.45,9.20,3.50
2022-06-07,11.95,18.00,8.05,6.10
2022-06-08,12.10,16.40,9.15,10.30
2022-06-09,12.64,18.35,9.35,1.60
2022-06-10,12.43,17.00,8.55,0.60
2022-06-11,11.28,14.15,9.80,4.90
2022-06-12,11.48,14.65,9.45,1.00
2022-06-13,11.57,14.90,9.10,0.40
2022-06-14,11.51,17.20,6.70,0.20
2022-06-15,11.96,17.00,6.95,0.00
2022-06-16,12.37,16.55,8.50,0.10
2022-06-17,12.71,17.90,7.85,1.40
2022-06-18,12.62,17.10,7.40,1.80
2022-06-19,12.42,17.05,9.25,2.80
2022-06-20,12.07,16.35,9.55,7.40
2022-06-21,12.76,17.35,8.95,0.30
2022-06-22,12.54,15.90,9.95,0.20
2022-06-23,12.61,16.80,9.50,0.70
2022-06-24,10.94,13.55,9.40,24.50
2022-06-25,11.18,13.85,9.65,13.00
2022-06-26,10.47,13.75,8.40,5.50
2022-06-27,12.07,16.75,6.40,0.30
2022-06-28,12.62,19.10,6.85,0.00
2022-06-29,12.31,18.40,6.30,0.00
2022-06-30,11.97,15.65,9.50,1.20
2022-07-01,12.57,17.70,8.55,1.20
2022-07-02,12.27,16.35,9.70,3.00
2022-07-03,11.56,15.45,9.20,16.00
2022-07-04,10.53,13.80,8.55,24.30
2022-07-05,10.40,13.85,8.25,4.50
2022-07-06,11.35,15.95,8.80,2.60
2022-07-07,12.04,18.30,6.45,0.00
2022-07-08,11.30,15.10,7.10,0.00
2022-07-09,11.55,14.10,9.95,7.10
2022-07-10,11.91,15.50,9.10,0.50
2022-07-11,12.40,17.80,8.60,2.40
2022-07-12,12.62,17.10,9.10,0.80
2022-07-13,11.21,15.00,8.15,1.20
2022-07-14,12.08,16.80,8.30,1.40
2022-07-15,12.15,18.75,6.60,2.50
2022-07-16,12.53,17.60,7.55,0.00
2022-07-17,12.68,16.85,8.95,0.00
2022-07-18,12.44,16.40,10.10,2.00
2022-07-19,12.26,16.15,8.05,8.40
2022-07-20,12.04,17.55,8.90,2.00
2022-07-21,11.12,14.65,8.60,1.10
2022-07-22,12.34,16.55,8.85,0.80
2022-07-23,11.89,15.90,8.95,7.00
2022-07-24,12.34,16.40,10.00,2.60
2022-07-25,12.32,17.35,8.50,13.10
2022-07-26,11.68,15.95,8.95,22.30
2022-07-27,11.50,15.60,8.70,7.30
2022-07-28,12.07,15.75,9.30,0.30
2022-07-29,12.81,19.35,7.45,0.00
2022-07-30,13.09,18.85,8.90,0.00
2022-07-31,13.00,19.35,9.10,4.50
2022-08-01,12.70,18.15,9.15,1.20
2022-08-02,13.04,18.10,9.55,0.60
2022-08-03,13.41,18.35,9.45,0.00
2022-08-04,12.53,16.50,9.15,1.70
2022-08-05,11.89,15.65,8.70,2.80
2022-08-06,12.60,17.20,9.00,0.60
2022-08-07,12.93,18.90,8.80,0.10
2022-08-08,12.46,17.25,6.05,0.00
2022-08-09,12.07,17.40,8.10,0.20
2022-08-10,11.54,15.70,8.55,8.80
2022-08-11,11.12,15.25,8.30,11.00
2022-08-12,12.46,18.80,7.75,0.70
2022-08-13,12.19,19.25,5.30,0.00
2022-08-14,12.39,18.40,5.25,0.90
2022-08-15,12.59,16.35,9.60,0.70
2022-08-16,12.71,18.50,7.20,0.20
2022-08-17,12.51,19.50,5.55,0.00
2022-08-18,12.51,19.80,4.90,0.00
2022-08-19,13.05,18.15,8.70,2.00
2022-08-20,11.95,16.05,8.85,5.00
2022-08-21,12.31,17.20,9.40,1.20
2022-08-22,12.45,17.90,8.60,0.20
2022-08-23,12.26,19.30,7.05,0.00
2022-08-24,12.35,18.85,7.75,0.00
2022-08-25,12.53,17.90,8.80,0.00
2022-08-26,11.39,15.10,7.10,0.10
2022-08-27,12.12,17.45,7.50,0.10
2022-08-28,12.83,18.50,7.95,0.50
2022-08-29,12.51,17.30,9.70,4.10
2022-08-30,11.75,15.85,8.95,2.10
2022-08-31,12.11,16.65,8.95,1.30
2022-09-01,12.31,18.70,5.65,0.00
2022-09-02,12.69,19.20,6.50,0.10
2022-09-03,12.57,16.65,9.70,0.80
2022-09-04,12.43,16.45,9.75,1.00
2022-09-05,11.81,16.10,9.45,7.50
2022-09-06,11.54,15.50,8.15,2.80
2022-09-07,11.67,15.80,8.60,4.20
2022-09-08,12.96,20.25,5.80,0.00
2022-09-09,13.02,19.90,5.10,0.00
2022-09-10,12.44,16.95,9.60,6.10
2022-09-11,12.63,17.40,9.10,0.20
2022-09-12,12.93,20.25,5.75,0.00
2022-09-13,13.37,20.60,6.60,0.00
2022-09-14,13.22,19.75,5.45,0.10
2022-09-15,14.26,20.20,8.05,0.00
2022-09-16,12.72,16.30,9.80,3.40
2022-09-17,13.56,19.20,9.15,0.20
2022-09-18,13.75,21.10,6.50,0.00
2022-09-19,13.86,21.20,5.55,0.00
2022-09-20,14.19,20.25,8.90,1.80
2022-09-21,14.64,21.40,9.50,0.00
2022-09-22,14.41,21.50,7.65,0.00
2022-09-23,14.18,20.85,9.00,0.20
2022-09-24,12.92,18.10,9.35,4.30
2022-09-25,13.00,20.40,7.45,4.60
2022-09-26,13.18,19.15,7.70,0.10
2022-09-27,13.40,20.45,6.30,0.00
2022-09-28,14.23,21.00,6.75,0.10
2022-09-29,14.25,20.70,7.45,0.40
2022-09-30,13.81,19.90,8.35,1.00
2022-10-01,13.36,17.85,9.60,1.10
2022-10-02,14.09,19.90,9.70,0.30
2022-10-03,13.83,19.75,9.25,0.00
2022-10-04,14.33,20.75,8.15,0.00
2022-10-05,13.98,22.35,6.35,0.10
2022-10-06,14.51,22.25,10.00,6.20
2022-10-07,12.88,18.05,9.10,5.00
2022-10-08,13.18,17.65,9.55,2.70
2022-10-09,13.55,19.60,8.65,0.30
2022-10-10,13.71,19.70,5.85,0.00
2022-10-11,13.74,18.60,9.65,0.10
2022-10-12,14.30,21.25,7.05,0.10
2022-10-13,13.15,20.05,6.85,4.10
2022-10-14,14.22,21.05,8.50,1.60
2022-10-15,10.94,13.15,8.70,22.20
2022-10-16,13.03,18.10,8.25,1.90
2022-10-17,13.68,18.95,8.90,3.90
2022-10-18,13.48,19.45,9.95,13.10
2022-10-19,12.59,16.65,10.30,7.90
2022-10-20,12.94,17.70,10.35,5.70
2022-10-21,13.63,18.40,10.25,0.40
2022-10-22,13.55,18.50,10.15,2.60
2022-10-23,13.78,18.25,10.40,0.20
2022-10-24,13.53,19.20,10.05,3.30
2022-10-25,13.15,19.15,8.30,3.60
2022-10-26,13.36,20.10,9.50,2.60
2022-10-27,13.89,20.55,7.75,3.40
2022-10-28,13.30,20.80,6.05,0.20
2022-10-29,13.25,20.95,6.85,0.00
2022-10-30,12.96,21.80,5.90,0.00
2022-10-31,13.72,22.80,5.40,0.00
2022-11-01,14.44,20.50,10.05,0.10
2022-11-02,12.49,16.40,9.65,5.30
2022-11-03,12.67,17.30,9.95,0.30
2022-11-04,12.83,19.35,6.05,1.00
2022-11-05,13.70,19.80,9.85,0.50
2022-11-06,13.82,20.30,8.95,0.00
2022-11-07,14.24,20.90,8.10,0.00
2022-11-08,13.97,21.35,8.30,0.40
2022-11-09,13.93,21.70,8.50,0.10
2022-11-10,13.23,20.95,9.10,3.70
2022-11-11,13.46,19.35,9.05,1.60
2022-11-12,13.03,20.55,8.40,5.20
2022-11-13,14.44,21.95,9.55,0.00
2022-11-14,14.59,20.75,8.65,0.00
2022-11-15,13.59,17.55,10.00,3.30
2022-11-16,12.91,16.55,10.15,4.80
2022-11-17,13.49,18.15,10.15,2.70
2022-11-18,13.65,19.70,9.15,1.00
2022-11-19,13.79,19.20,10.05,0.70
2022-11-20,13.98,20.05,10.45,2.00
2022-11-21,13.88,20.35,9.30,1.50
2022-11-22,13.81,19.85,8.30,0.30
2022-11-23,13.15,20.60,5.40,0.00
2022-11-24,14.11,22.50,7.50,0.00
2022-11-25,14.21,20.10,9.90,0.80
2022-11-26,14.20,19.95,9.25,0.10
2022-11-27,13.93,19.75,9.35,0.40
2022-11-28,13.78,21.15,8.70,0.30
2022-11-29,13.94,20.60,7.75,0.10
2022-11-30,14.19,23.35,7.50,2.10
2022-12-01,13.72,22.55,7.25,2.10
2022-12-02,12.89,19.85,8.40,11.00
2022-12-03,13.29,19.25,9.70,2.70
2022-12-04,12.64,20.00,5.15,0.80
2022-12-05,12.53,21.25,4.55,0.20
2022-12-06,13.77,19.80,8.90,0.70
2022-12-07,12.88,18.35,8.25,1.20
2022-12-08,13.49,19.15,7.70,1.80
2022-12-09,13.48,18.60,9.90,0.90
2022-12-10,13.92,18.90,9.85,0.30
2022-12-11,13.30,17.35,9.35,0.70
2022-12-12,13.63,19.50,7.70,0.00
2022-12-13,13.42,18.70,8.30,0.00
2022-12-14,12.54,17.25,9.50,8.90
2022-12-15,13.18,17.15,9.85,0.60
2022-12-16,14.14,19.40,9.80,0.60
2022-12-17,14.26,19.10,10.05,0.00
2022-12-18,14.54,21.45,8.25,0.00
2022-12-19,14.49,20.25,9.10,0.00
2022-12-20,14.35,20.40,8.75,0.00
2022-12-21,14.86,19.90,10.30,0.20
2022-12-22,14.79,20.80,9.10,0.00
2022-12-23,15.08,21.45,8.65,0.00
2022-12-24,15.43,22.50,9.95,0.00
2022-12-25,15.20,23.25,8.90,0.60
2022-12-26,14.67,21.25,11.05,1.30
2022-12-27,14.17,21.95,7.10,0.00
2022-12-28,14.53,21.75,6.90,0.00
2022-12-29,15.04,21.85,9.30,0.00
2022-12-30,13.61,21.35,7.05,2.10
2022-12-31,13.24,19.45,7.45,7.50
2023-01-01,13.14,19.10,10.15,13.00
2023-01-02,12.10,14.90,9.95,4.20
2023-01-03,11.64,15.45,8.80,1.00
2023-01-04,13.25,20.85,7.75,0.00
2023-01-05,13.29,18.90,9.10,2.80
2023-01-06,13.40,18.85,10.00,2.90
2023-01-07,13.29,17.25,10.75,0.20
2023-01-08,12.62,18.15,8.80,7.00
2023-01-09,12.24,18.05,8.30,10.50
2023-01-10,12.78,17.00,9.70,1.70
2023-01-11,12.70,16.80,10.40,2.50
2023-01-12,12.76,17.80,9.55,1.40
2023-01-13,12.41,18.50,6.85,1.20
2023-01-14,12.22,17.65,9.15,4.70
2023-01-15,11.52,14.75,8.65,8.50
2023-01-16,12.74,18.20,9.40,4.80
2023-01-17,13.69,18.80,9.95,0.50
2023-01-18,13.13,17.80,9.05,0.10
2023-01-19,12.36,16.90,9.55,24.30
2023-01-20,12.29,17.90,9.00,8.40
2023-01-21,12.55,17.45,8.85,3.10
2023-01-22,12.93,17.40,9.25,1.00
2023-01-23,13.59,17.85,10.35,0.00
2023-01-24,12.09,14.25,10.00,4.60
2023-01-25,12.80,17.35,8.95,0.00
2023-01-26,13.22,18.60,7.45,0.00
2023-01-27,13.04,19.90,6.85,0.00
2023-01-28,13.24,20.05,6.55,0.00
2023-01-29,14.03,20.85,7.95,0.00
2023-01-30,14.49,20.25,8.65,0.20
2023-01-31,14.03,20.50,9.45,1.90
2023-02-01,13.58,18.35,10.90,2.70
2023-02-02,14.32,19.75,11.00,0.10
2023-02-03,14.38,19.95,11.25,0.10
2023-02-04,13.44,19.00,7.85,0.00
2023-02-05,14.15,19.20,10.55,0.20
2023-02-06,13.96,18.80,10.55,1.10
2023-02-07,14.11,18.60,11.00,0.00
2023-02-08,14.83,19.95,11.10,0.10
2023-02-09,14.96,20.45,10.25,0.10
2023-02-10,14.61,20.00,10.65,0.60
2023-02-11,14.50,19.25,11.45,0.40
2023-02-12,15.05,19.85,11.20,0.80
2023-02-13,14.08,18.25,11.35,10.00
2023-02-14,14.33,18.60,10.95,2.00
2023-02-15,14.07,18.05,10.75,0.60
2023-02-16,14.12,19.25,9.05,0.40
2023-02-17,13.46,20.70,9.45,8.80
2023-02-18,13.23,18.85,9.00,13.20
2023-02-19,13.76,19.45,10.35,1.80
2023-02-20,13.77,19.25,10.95,9.00
2023-02-21,13.15,17.45,10.95,10.70
2023-02-22,13.03,16.70,10.50,5.50
2023-02-23,12.90,16.35,10.00,13.50
2023-02-24,13.87,18.80,10.45,0.40
2023-02-25,13.64,20.45,8.60,0.10
2023-02-26,13.41,19.80,8.20,3.50
2023-02-27,14.37,18.80,10.75,0.80
2023-02-28,13.78,16.40,11.40,9.80
2023-03-01,14.80,19.50,11.85,0.70
2023-03-02,14.75,19.80,11.80,1.30
2023-03-03,14.96,19.20,11.55,0.60
2023-03-04,14.24,17.60,11.20,1.50
2023-03-05,13.86,18.05,11.30,3.20
2023-03-06,13.24,16.50,11.25,3.00
2023-03-07,13.92,18.85,10.50,1.70
2023-03-08,14.03,20.00,10.30,8.80
2023-03-09,13.28,18.25,10.10,13.70
2023-03-10,12.10,15.30,8.65,6.70
2023-03-11,12.36,14.75,10.10,3.30
2023-03-12,12.14,15.80,10.15,7.80
2023-03-13,12.55,18.00,9.70,10.00
2023-03-14,12.29,17.55,9.95,4.00
2023-03-15,12.73,18.30,9.55,0.10
2023-03-16,12.51,19.70,5.60,0.10
2023-03-17,13.23,19.80,8.30,0.00
2023-03-18,12.89,18.85,8.60,0.20
2023-03-19,13.00,20.00,8.65,0.10
2023-03-20,12.54,19.20,9.05,0.60
2023-03-21,12.31,19.60,5.85,1.00
2023-03-22,13.75,20.90,8.95,2.40
2023-03-23,13.57,19.70,9.30,2.60
2023-03-24,12.83,18.30,9.50,13.20
2023-03-25,12.97,18.20,9.30,5.80
2023-03-26,13.73,18.30,10.95,0.90
2023-03-27,13.71,18.15,11.00,12.70
2023-03-28,13.27,16.85,10.70,2.70
2023-03-29,13.67,18.70,10.60,8.00
2023-03-30,13.54,17.85,10.15,11.10
2023-03-31,12.64,15.20,10.90,5.10
2023-04-01,13.58,17.80,10.10,0.30
2023-04-02,13.54,18.35,10.30,8.20
2023-04-03,13.72,17.55,11.45,15.30
2023-04-04,13.89,17.90,10.90,0.80
2023-04-05,13.84,18.95,9.65,1.60
2023-04-06,13.15,18.45,10.90,14.60
2023-04-07,12.91,19.00,9.15,0.00
2023-04-08,11.29,15.30,6.90,3.10
2023-04-09,12.90,17.30,8.75,0.50
2023-04-10,13.83,18.05,10.45,1.30
2023-04-11,14.36,18.80,11.20,1.70
2023-04-12,14.63,19.70,11.10,0.50
2023-04-13,14.11,18.40,10.25,0.40
2023-04-14,13.85,16.85,9.65,0.40
2023-04-15,14.18,18.85,10.40,1.80
2023-04-16,13.59,19.25,9.55,7.30
2023-04-17,12.39,16.60,9.95,12.50
2023-04-18,13.32,19.45,9.15,3.50
2023-04-19,13.18,17.50,9.35,7.20
2023-04-20,12.94,17.05,9.65,0.50
2023-04-21,13.48,19.00,9.65,3.00
2023-04-22,13.08,18.70,10.45,20.50
2023-04-23,12.35,15.85,10.60,8.00
2023-04-24,13.03,17.35,9.75,3.40
2023-04-25,12.94,16.80,10.55,1.20
2023-04-26,13.37,19.00,11.00,6.00
2023-04-27,12.75,18.45,9.60,16.50
2023-04-28,13.27,17.20,10.70,13.80
2023-04-29,13.55,17.60,9.30,5.10
2023-04-30,13.18,16.95,10.00,1.40
2023-05-01,13.29,17.40,9.95,6.70
2023-05-02,13.98,18.65,10.65,0.00
2023-05-03,13.43,16.95,10.60,14.00
2023-05-04,14.55,18.85,11.40,0.40
2023-05-05,14.35,18.30,11.65,2.00
2023-05-06,14.20,18.95,10.40,0.80
2023-05-07,14.60,19.70,9.75,0.30
2023-05-08,14.77,20.25,10.25,0.10
2023-05-09,13.94,18.05,11.10,3.80
2023-05-10,13.67,17.75,11.05,5.60
2023-05-11,13.61,17.95,10.75,7.60
2023-05-12,13.71,18.10,10.15,1.50
2023-05-13,14.94,19.30,11.75,1.50
2023-05-14,14.62,18.75,11.85,1.00
2023-05-15,14.70,18.90,11.85,0.70
2023-05-16,14.64,19.00,11.00,3.20
2023-05-17,14.75,20.15,10.70,0.00
2023-05-18,14.74,20.10,8.55,0.00
2023-05-19,15.09,20.60,10.05,0.10
2023-05-20,13.56,17.45,10.60,11.10
2023-05-21,13.69,18.70,9.50,4.20
2023-05-22,14.39,21.00,10.00,2.30
2023-05-23,12.76,14.85,10.30,14.30
2023-05-24,13.61,19.15,9.55,1.60
2023-05-25,13.64,18.10,10.90,2.60
2023-05-26,13.41,18.85,9.70,11.50
2023-05-27,13.64,17.80,10.65,7.90
2023-05-28,13.18,15.30,10.35,1.60
2023-05-29,13.82,18.85,8.65,0.60
2023-05-30,13.76,18.40,9.90,0.20
2023-05-31,12.39,15.00,10.40,11.70
2023-06-01,12.37,15.35,10.30,6.80
2023-06-02,12.14,14.45,10.65,5.00
2023-06-03,13.50,17.60,10.40,1.90
2023-06-04,13.67,17.70,10.60,4.10
2023-06-05,13.18,16.65,9.60,1.00
2023-06-06,12.76,16.15,10.60,16.70
2023-06-07,13.38,16.75,10.65,1.40
2023-06-08,12.95,16.10,10.35,1.70
2023-06-09,13.32,16.80,10.45,0.60
2023-06-10,13.10,17.25,9.60,2.00
2023-06-11,13.66,18.75,9.45,0.40
2023-06-12,13.85,19.20,9.95,0.00
2023-06-13,13.38,19.30,8.45,0.00
2023-06-14,13.61,18.20,10.35,1.00
2023-06-15,13.12,16.20,10.35,4.30
2023-06-16,12.90,17.50,11.05,0.50
2023-06-17,12.94,18.35,9.70,0.40
2023-06-18,12.65,18.60,8.00,0.20
2023-06-19,12.07,19.55,5.40,0.00
2023-06-20,13.43,20.20,6.15,0.00
2023-06-21,14.29,19.60,11.00,1.30
2023-06-22,13.83,18.75,10.55,0.30
2023-06-23,13.87,18.85,9.80,0.40
2023-06-24,13.58,18.55,9.05,0.60
2023-06-25,13.26,17.50,11.10,12.10
2023-06-26,13.06,16.50,10.90,1.90
2023-06-27,13.69,19.50,10.50,0.40
2023-06-28,13.43,19.05,8.75,0.70
2023-06-29,14.26,18.60,11.40,2.80
2023-06-30,13.91,18.00,11.65,1.70
2023-07-01,13.61,17.65,11.00,2.90
2023-07-02,12.91,16.55,9.60,1.60
2023-07-03,13.73,19.00,9.65,0.60
2023-07-04,13.33,19.95,7.70,0.20
2023-07-05,14.27,19.45,9.95,7.70
2023-07-06,13.79,18.10,11.10,3.40
2023-07-07,13.10,18.55,9.40,3.10
2023-07-08,12.90,17.80,9.45,2.10
2023-07-09,12.86,15.80,10.65,4.10
2023-07-10,12.67,17.25,9.65,0.10
2023-07-11,12.69,18.25,8.50,0.20
2023-07-12,12.69,18.65,8.30,0.20
2023-07-13,13.53,19.30,8.35,0.00
2023-07-14,12.69,16.85,8.70,1.00
2023-07-15,12.82,16.05,10.65,2.70
2023-07-16,12.99,16.50,10.55,4.30
2023-07-17,12.47,15.70,9.90,5.90
2023-07-18,12.67,17.50,9.20,7.40
2023-07-19,12.27,18.35,6.20,0.50
2023-07-20,13.09,17.65,10.20,5.40
2023-07-21,12.98,17.90,9.75,3.40
2023-07-22,12.77,17.95,9.50,0.80
2023-07-23,12.83,18.25,8.95,1.10
2023-07-24,13.10,19.00,9.55,1.60
2023-07-25,13.23,19.05,9.05,0.20
2023-07-26,13.51,19.35,8.30,0.00
2023-07-27,13.80,19.20,8.90,0.40
2023-07-28,14.18,19.70,10.30,0.40
2023-07-29,13.51,18.05,10.85,2.30
2023-07-30,12.92,16.25,10.70,3.10
2023-07-31,12.83,17.00,10.30,0.60
2023-08-01,12.50,16.60,9.85,1.30
2023-08-02,12.78,18.00,8.75,2.70
2023-08-03,12.71,19.05,7.00,0.50
2023-08-04,13.11,18.80,8.15,0.00
2023-08-05,13.16,18.75,9.00,0.70
2023-08-06,13.47,19.60,8.80,0.40
2023-08-07,12.95,17.45,9.35,0.00
2023-08-08,13.34,19.40,9.00,0.20
2023-08-09,11.91,15.95,9.60,7.80
2023-08-10,12.80,20.05,7.45,0.00
2023-08-11,12.82,19.15,5.55,0.90
2023-08-12,13.67,19.65,9.25,0.50
2023-08-13,12.69,17.85,9.10,3.30
2023-08-14,12.99,17.35,9.20,1.70
2023-08-15,12.58,16.10,9.55,8.80
2023-08-16,13.51,19.20,9.25,0.50
2023-08-17,13.83,19.10,9.00,0.70
2023-08-18,14.32,21.55,8.85,0.00
2023-08-19,14.39,21.05,8.65,0.00
2023-08-20,14.22,21.00,8.75,1.30
2023-08-21,13.51,18.90,10.25,12.40
2023-08-22,12.47,15.75,10.30,20.00
2023-08-23,13.08,19.60,7.95,1.20
2023-08-24,11.79,15.45,7.15,0.50
2023-08-25,12.55,16.95,7.85,0.40
2023-08-26,13.30,19.10,8.30,0.00
2023-08-27,13.47,21.05,6.05,0.00
2023-08-28,13.12,17.25,9.40,1.80
2023-08-29,13.37,19.95,8.30,0.30
2023-08-30,14.01,21.20,7.25,0.00
2023-08-31,14.27,21.55,8.85,1.20
2023-09-01,14.25,20.80,9.05,0.20
2023-09-02,13.97,21.00,6.65,0.10
2023-09-03,14.72,21.60,8.15,0.10
2023-09-04,13.99,19.50,8.60,0.40
2023-09-05,14.66,20.10,11.05,0.20
2023-09-06,14.41,21.10,10.20,0.00
2023-09-07,13.65,23.20,5.30,0.00
2023-09-08,14.64,23.55,7.30,0.00
2023-09-09,14.39,20.55,8.65,1.00
2023-09-10,13.10,16.65,10.30,0.10
2023-09-11,14.26,21.05,10.55,1.60
2023-09-12,14.49,21.65,8.10,0.00
2023-09-13,14.97,22.05,8.80,0.00
2023-09-14,15.05,19.55,11.20,0.30
2023-09-15,13.51,16.95,10.45,2.80
2023-09-16,13.79,21.60,8.25,0.00
2023-09-17,14.23,21.20,8.05,0.00
2023-09-18,14.65,20.40,10.70,0.50
2023-09-19,14.17,19.55,10.70,0.50
2023-09-20,14.26,20.15,9.65,0.00
2023-09-21,14.44,21.60,8.00,0.10
2023-09-22,14.43,20.50,9.45,0.50
2023-09-23,14.16,20.15,9.75,6.60
2023-09-24,14.17,18.65,10.65,5.90
2023-09-25,14.66,19.85,10.85,4.10
2023-09-26,14.70,21.40,9.65,3.90
2023-09-27,15.47,22.50,9.25,0.00
2023-09-28,15.84,22.85,10.05,0.00
2023-09-29,16.36,21.80,11.85,0.00
2023-09-30,15.01,19.55,11.25,0.90
2023-10-01,15.10,21.25,10.10,1.50
2023-10-02,15.00,20.80,9.75,0.90
2023-10-03,15.41,20.85,9.60,0.10
2023-10-04,15.77,22.55,10.05,0.10
2023-10-05,15.35,21.25,9.65,0.40
2023-10-06,16.59,24.15,11.00,0.00
2023-10-07,15.84,23.10,9.20,0.60
2023-10-08,16.44,23.65,10.75,1.40
2023-10-09,16.33,21.60,11.80,0.40
2023-10-10,15.13,20.75,10.65,0.80
2023-10-11,14.99,20.65,10.75,0.30
2023-10-12,14.69,21.75,9.50,0.20
2023-10-13,15.72,22.90,10.45,1.30
2023-10-14,13.04,14.70,10.85,9.70
2023-10-15,14.74,19.95,11.10,0.20
2023-10-16,14.85,20.60,10.65,0.40
2023-10-17,15.03,21.35,10.20,0.00
2023-10-18,14.55,18.35,11.20,0.10
2023-10-19,14.65,20.80,9.80,0.60
2023-10-20,14.34,18.65,11.25,0.30
2023-10-21,14.23,19.10,10.60,1.50
2023-10-22,14.94,21.10,9.30,0.60
2023-10-23,15.30,20.70,10.45,0.20
2023-10-24,15.38,21.85,10.00,0.60
2023-10-25,14.67,22.35,10.25,8.40
2023-10-26,14.61,22.20,10.20,0.60
2023-10-27,14.71,21.35,10.75,1.80
2023-10-28,13.59,18.50,9.05,8.80
2023-10-29,12.73,17.25,9.60,6.70
2023-10-30,14.65,21.90,10.10,2.70
2023-10-31,13.56,18.25,9.95,7.70
2023-11-01,14.60,21.15,10.50,1.70
2023-11-02,14.41,21.65,7.20,0.00
2023-11-03,14.97,22.60,8.25,0.10
2023-11-04,14.48,18.40,11.70,1.00
2023-11-05,14.70,21.05,9.95,2.00
2023-11-06,14.23,19.75,11.40,4.90
2023-11-07,14.94,20.95,10.40,0.10
2023-11-08,15.38,21.75,10.70,0.20
2023-11-09,14.90,20.85,9.55,1.40
2023-11-10,15.29,20.35,11.95,0.70
2023-11-11,15.34,20.90,11.45,1.00
2023-11-12,15.60,21.60,11.00,4.10
2023-11-13,16.00,22.60,11.40,1.20
2023-11-14,15.68,21.85,10.50,0.90
2023-11-15,14.14,18.90,10.15,6.20
2023-11-16,15.17,21.15,10.60,0.30
2023-11-17,15.22,21.85,8.40,0.50
2023-11-18,15.53,22.45,9.90,1.50
2023-11-19,15.71,24.00,8.95,0.10
2023-11-20,15.00,20.90,9.40,0.20
2023-11-21,15.16,20.35,10.70,0.00
2023-11-22,15.32,20.60,10.50,1.40
2023-11-23,14.17,20.25,10.55,5.30
2023-11-24,13.42,17.60,10.75,7.70
2023-11-25,14.43,19.50,9.85,0.00
2023-11-26,14.83,20.50,10.20,0.00
2023-11-27,14.58,19.60,9.55,0.00
2023-11-28,14.20,17.85,11.10,0.30
2023-11-29,14.55,19.45,10.45,0.90
2023-11-30,14.73,20.65,9.10,0.40
2023-12-01,14.89,19.50,10.35,0.00
2023-12-02,15.24,20.80,10.00,0.50
2023-12-03,15.05,22.25,10.65,0.60
2023-12-04,15.65,22.35,10.55,0.30
2023-12-05,15.63,20.35,11.30,0.80
2023-12-06,14.63,17.25,12.15,0.10
2023-12-07,15.30,20.80,10.65,1.70
2023-12-08,15.05,20.40,11.90,1.60
2023-12-09,15.24,19.55,11.85,0.10
2023-12-10,15.59,20.75,12.30,1.80
2023-12-11,15.36,21.15,11.25,1.80
2023-12-12,15.66,21.60,11.45,2.10
2023-12-13,15.39,19.45,12.15,2.60
2023-12-14,15.82,22.05,12.05,7.80
2023-12-15,14.42,19.55,11.00,5.50
2023-12-16,13.71,18.15,11.60,9.10
2023-12-17,13.92,17.55,9.95,5.40
2023-12-18,13.86,18.15,9.80,4.90
2023-12-19,14.23,21.45,10.20,6.20
2023-12-20,14.54,21.65,9.25,19.50
2023-12-21,14.40,19.30,8.50,0.10
2023-12-22,14.81,18.75,11.30,0.40
2023-12-23,14.64,17.85,11.80,0.20
2023-12-24,15.23,20.20,11.80,1.30
2023-12-25,14.31,18.90,10.25,1.60
2023-12-26,13.93,17.55,11.70,12.60
2023-12-27,12.93,16.20,11.10,7.60
2023-12-28,13.26,18.60,9.60,5.20
2023-12-29,14.93,20.20,11.60,2.40
2023-12-30,14.84,21.05,9.15,0.20
2023-12-31,13.94,19.50,10.05,4.40
2024-01-01,13.97,18.60,10.55,5.90
2024-01-02,14.94,20.85,10.10,0.00
2024-01-03,14.29,19.00,10.15,0.20
2024-01-04,14.25,20.50,9.50,4.30
2024-01-05,14.40,20.55,10.00,0.10
2024-01-06,14.10,19.60,10.55,1.00
2024-01-07,14.21,19.70,8.35,0.40
2024-01-08,14.56,20.20,9.35,0.90
2024-01-09,14.36,19.00,11.00,2.50
2024-01-10,14.63,19.30,11.55,0.50
2024-01-11,14.67,20.20,10.25,0.40
2024-01-12,14.30,18.30,11.25,0.00
2024-01-13,14.62,20.80,8.65,0.10
2024-01-14,14.91,21.15,9.60,0.30
2024-01-15,14.23,18.10,10.15,1.00
2024-01-16,13.37,15.60,11.35,2.20
2024-01-17,13.13,15.60,11.50,5.70
2024-01-18,13.94,18.00,11.50,6.00
2024-01-19,14.61,19.80,11.30,0.50
2024-01-20,14.21,18.50,11.25,4.70
2024-01-21,14.78,17.95,12.05,1.10
2024-01-22,15.56,19.70,12.45,0.90
2024-01-23,16.04,21.10,12.95,1.60
2024-01-24,15.66,21.65,10.45,0.00
2024-01-25,15.27,22.15,7.50,0.00
2024-01-26,15.46,22.10,10.30,0.00
2024-01-27,16.10,23.65,9.80,0.40
2024-01-28,16.43,23.65,9.20,0.00
2024-01-29,16.64,22.70,12.20,0.10
2024-01-30,16.10,23.00,10.85,0.10
2024-01-31,15.25,22.25,8.90,0.40
2024-02-01,17.15,23.40,13.45,1.90
2024-02-02,15.29,21.25,10.50,9.50
2024-02-03,14.80,20.95,11.25,7.60
2024-02-04,14.94,18.80,12.20,2.70
2024-02-05,13.97,17.15,11.45,6.90
2024-02-06,13.76,18.90,9.05,1.20
2024-02-07,14.82,20.25,10.85,0.90
2024-02-08,15.32,21.35,10.40,0.20
2024-02-09,15.29,21.30,10.15,0.50
2024-02-10,14.99,18.75,12.20,2.30
2024-02-11,15.67,21.10,11.65,0.30
2024-02-12,15.14,20.90,11.20,2.70
2024-02-13,16.00,21.30,12.40,0.90
2024-02-14,14.83,18.65,12.45,2.10
2024-02-15,15.76,20.85,12.45,1.90
2024-02-16,15.36,19.75,13.00,2.30
2024-02-17,14.38,17.20,12.10,6.70
2024-02-18,15.47,19.65,12.30,4.50
2024-02-19,15.34,21.05,11.15,8.90
2024-02-20,14.53,21.15,9.90,11.80
2024-02-21,14.55,20.30,10.40,3.40
2024-02-22,14.49,21.45,8.45,0.20
2024-02-23,14.13,21.85,9.75,5.20
2024-02-24,13.13,15.75,11.05,4.60
2024-02-25,14.25,20.20,9.60,6.00
2024-02-26,14.63,21.05,10.15,1.60
2024-02-27,14.09,19.15,11.65,3.60
2024-02-28,14.92,20.25,11.35,7.00
2024-02-29,15.11,20.85,11.65,6.10
2024-03-01,14.68,21.45,10.40,1.60
2024-03-02,13.85,17.75,10.50,5.20
2024-03-03,14.48,19.00,11.55,2.00
2024-03-04,14.45,18.95,11.50,2.70
2024-03-05,15.40,21.65,11.50,1.90
2024-03-06,15.29,20.55,11.75,9.70
2024-03-07,15.21,20.35,11.90,1.70
2024-03-08,15.00,20.20,11.75,0.80
2024-03-09,15.04,19.50,11.40,2.20
2024-03-10,15.38,20.25,11.65,0.40
2024-03-11,15.66,20.65,12.35,1.10
2024-03-12,15.21,19.90,10.85,1.50
2024-03-13,15.14,19.75,12.65,12.10
2024-03-14,14.93,19.75,11.60,0.80
2024-03-15,15.19,18.60,12.00,1.20
2024-03-16,15.87,22.05,12.10,1.40
2024-03-17,15.17,21.75,8.55,0.10
2024-03-18,15.64,21.95,10.80,0.00
2024-03-19,14.21,18.00,10.80,1.40
2024-03-20,15.67,21.60,11.40,0.80
2024-03-21,15.67,23.30,8.85,0.30
2024-03-22,15.02,19.45,9.00,0.70
2024-03-23,15.08,19.70,12.05,0.80
2024-03-24,14.34,22.25,8.80,2.70
2024-03-25,14.44,22.45,8.90,5.40
2024-03-26,14.54,20.65,8.65,3.60
2024-03-27,15.54,20.75,11.85,0.20
2024-03-28,15.29,22.60,10.30,0.10
2024-03-29,14.40,18.25,10.55,1.00
2024-03-30,14.68,19.80,11.40,1.60
2024-03-31,14.08,20.40,8.50,8.50
2024-04-01,14.40,18.95,11.90,9.30
2024-04-02,13.64,17.15,11.80,5.90
2024-04-03,14.80,19.30,11.15,1.00
2024-04-04,13.92,18.65,10.05,1.80
2024-04-05,13.31,15.70,11.65,2.10
2024-04-06,13.68,18.10,9.45,1.20
2024-04-07,14.63,20.45,10.25,0.80
2024-04-08,14.37,18.75,10.60,1.50
2024-04-09,14.32,18.30,11.40,3.20
2024-04-10,14.53,18.85,10.65,0.70
2024-04-11,15.09,20.90,9.90,0.40
2024-04-12,15.62,21.30,10.50,0.30
2024-04-13,16.05,21.60,11.95,1.20
2024-04-14,16.08,22.65,9.70,0.50
2024-04-15,16.42,22.75,11.35,0.50
2024-04-16,16.79,22.50,12.60,0.10
2024-04-17,15.53,19.80,11.65,0.60
2024-04-18,15.54,21.25,12.80,2.30
2024-04-19,14.02,16.70,12.15,4.90
2024-04-20,15.01,21.10,10.55,9.90
2024-04-21,15.12,21.15,12.20,7.50
2024-04-22,13.50,17.35,10.85,5.60
2024-04-23,13.87,18.70,11.10,4.80
2024-04-24,14.42,19.50,10.35,3.30
2024-04-25,14.04,18.40,10.70,3.10
2024-04-26,13.99,19.65,9.40,1.90
2024-04-27,13.93,20.15,9.90,12.90
2024-04-28,13.85,20.20,10.25,2.80
2024-04-29,14.31,17.70,11.80,18.70
2024-04-30,14.10,18.30,10.30,1.60
2024-05-01,14.13,19.20,10.10,3.60
2024-05-02,14.45,19.90,10.65,0.80
2024-05-03,13.48,19.20,8.75,4.90
2024-05-04,14.66,20.10,11.50,21.20
2024-05-05,13.55,16.80,11.05,3.20
2024-05-06,14.84,19.75,11.90,2.20
2024-05-07,14.75,19.45,10.80,1.70
2024-05-08,13.26,14.50,12.10,9.60
2024-05-09,14.31,19.00,10.25,0.80
2024-05-10,13.97,18.70,9.30,9.00
2024-05-11,14.14,18.30,11.10,1.60
2024-05-12,14.33,19.95,10.00,0.20
2024-05-13,15.14,20.80,9.75,0.20
2024-05-14,14.44,18.85,11.30,11.20
2024-05-15,13.86,16.80,11.95,5.60
2024-05-16,14.72,20.55,10.20,1.70
2024-05-17,14.73,20.20,10.75,2.00
2024-05-18,14.40,18.90,10.70,1.10
2024-05-19,14.55,18.65,11.60,1.80
2024-05-20,14.27,17.65,12.00,3.40
2024-05-21,14.89,20.10,11.70,3.40
2024-05-22,14.18,18.35,11.55,12.40
2024-05-23,14.58,19.80,10.80,1.40
2024-05-24,14.64,19.10,10.35,0.20
2024-05-25,13.44,15.55,11.15,3.20
2024-05-26,14.02,18.25,11.30,10.00
2024-05-27,14.30,19.15,11.55,15.50
2024-05-28,13.63,17.20,11.40,18.90
2024-05-29,13.39,17.50,10.05,12.10
2024-05-30,14.43,19.20,11.35,4.00
2024-05-31,14.39,20.70,9.85,0.80
2024-06-01,14.91,21.90,9.60,0.20
2024-06-02,14.01,20.85,7.90,0.00
2024-06-03,14.22,20.65,8.80,0.00
2024-06-04,12.16,13.80,11.10,9.50
2024-06-05,12.05,14.20,10.65,8.60
2024-06-06,11.95,14.10,10.30,6.90
2024-06-07,12.40,15.30,10.25,3.80
2024-06-08,13.15,16.65,10.55,3.00
2024-06-09,13.81,19.15,9.80,1.40
2024-06-10,13.10,18.60,8.55,0.70
2024-06-11,12.99,16.75,10.10,3.60
2024-06-12,13.79,18.55,10.75,2.70
2024-06-13,13.69,18.20,10.85,3.40
2024-06-14,13.38,18.30,8.80,2.90
2024-06-15,12.66,16.50,10.35,26.00
2024-06-16,11.36,12.75,10.05,16.50
2024-06-17,12.67,17.55,7.95,0.80
2024-06-18,13.20,19.85,6.55,0.00
2024-06-19,13.58,18.95,7.80,0.20
2024-06-20,13.32,18.25,9.30,3.60
2024-06-21,12.82,15.75,10.00,2.50
2024-06-22,13.29,18.10,9.65,0.20
2024-06-23,13.87,20.15,8.75,0.10
2024-06-24,13.80,20.85,8.25,0.00
2024-06-25,13.32,17.35,10.55,1.80
2024-06-26,13.08,18.30,9.60,4.60
2024-06-27,12.62,17.05,8.80,9.10
2024-06-28,13.12,19.45,7.95,8.20
2024-06-29,13.28,19.45,7.70,1.50
2024-06-30,13.51,17.55,10.25,1.10
2024-07-01,13.24,17.60,9.70,16.50
2024-07-02,12.07,14.90,9.65,5.70
2024-07-03,12.69,16.10,9.80,2.20
2024-07-04,13.01,18.95,8.70,5.70
2024-07-05,12.92,16.35,9.85,14.90
2024-07-06,12.62,15.85,10.55,5.80
2024-07-07,12.28,16.60,9.10,7.10
2024-07-08,12.64,18.95,8.10,0.00
2024-07-09,12.57,18.40,6.20,1.80
2024-07-10,13.23,18.25,9.50,0.90
2024-07-11,12.77,17.75,8.00,0.20
2024-07-12,12.78,18.25,7.85,1.50
2024-07-13,12.41,16.00,9.65,13.60
2024-07-14,13.79,20.15,10.25,1.20
2024-07-15,12.87,20.40,7.20,0.00
2024-07-16,12.61,19.55,6.50,0.00
2024-07-17,13.17,20.55,8.30,0.40
2024-07-18,12.97,17.90,9.85,0.50
2024-07-19,13.15,18.70,9.00,0.10
2024-07-20,13.40,18.65,9.65,1.20
2024-07-21,13.31,18.45,10.05,1.20
2024-07-22,14.07,19.85,10.35,0.70
2024-07-23,13.68,19.10,9.25,1.10
2024-07-24,13.57,19.10,9.85,1.40
2024-07-25,12.91,15.85,10.40,0.50
2024-07-26,13.51,18.90,10.45,1.60
2024-07-27,13.28,18.85,8.80,0.20
2024-07-28,14.39,20.35,9.85,0.70
2024-07-29,14.44,19.75,10.45,1.60
2024-07-30,14.07,19.15,11.15,2.90
2024-07-31,13.85,19.65,10.60,1.40
2024-08-01,12.62,17.70,8.20,0.40
2024-08-02,13.03,20.85,7.00,0.00
2024-08-03,13.61,21.20,7.40,0.00
2024-08-04,13.61,19.95,7.60,0.80
2024-08-05,14.38,20.65,9.30,0.30
2024-08-06,14.49,20.45,10.50,1.90
2024-08-07,13.86,21.05,8.45,0.00
2024-08-08,13.90,21.25,6.75,0.00
2024-08-09,13.26,18.15,8.75,1.60
2024-08-10,13.31,17.00,10.35,1.60
2024-08-11,13.45,19.70,9.40,1.40
2024-08-12,13.54,19.95,7.65,0.30
2024-08-13,13.73,20.20,8.85,0.00
2024-08-14,13.64,20.20,7.65,0.00
2024-08-15,13.99,18.65,10.55,0.40
2024-08-16,13.34,18.80,10.00,1.10
2024-08-17,13.87,20.95,8.65,0.10
2024-08-18,14.10,21.15,8.20,0.00
2024-08-19,14.23,21.55,8.20,0.00
2024-08-20,12.38,16.25,7.20,0.60
2024-08-21,12.29,16.25,8.95,0.80
2024-08-22,13.41,20.50,8.55,0.40
2024-08-23,13.88,19.75,9.00,0.10
2024-08-24,13.18,17.85,9.55,0.40
2024-08-25,13.56,20.90,7.60,0.10
2024-08-26,13.03,19.00,9.55,1.30
2024-08-27,13.08,18.85,9.70,8.10
2024-08-28,13.29,20.10,6.90,0.00
2024-08-29,13.04,21.50,6.60,0.00
2024-08-30,13.51,21.30,6.60,0.00
2024-08-31,13.53,20.85,6.30,0.00
2024-09-01,14.12,21.05,8.80,1.10
2024-09-02,13.51,19.70,7.90,1.60
2024-09-03,13.79,19.80,8.80,0.60
2024-09-04,14.51,22.60,7.95,0.10
2024-09-05,14.45,22.15,8.95,0.50
2024-09-06,13.86,19.00,10.35,0.90
2024-09-07,14.41,21.60,9.95,0.50
2024-09-08,13.93,20.15,9.45,0.50
2024-09-09,12.96,16.55,10.05,2.10
2024-09-10,13.92,22.90,7.65,0.00
2024-09-11,14.23,22.65,6.85,0.00
2024-09-12,14.74,22.75,7.10,0.00
2024-09-13,14.17,22.30,5.85,0.00
2024-09-14,14.70,22.80,7.85,0.00
2024-09-15,14.93,22.40,7.90,0.00
2024-09-16,14.79,20.45,11.20,1.20
2024-09-17,14.66,22.40,9.15,0.30
2024-09-18,15.45,22.90,10.80,0.00
2024-09-19,14.18,21.35,9.20,0.10
2024-09-20,13.78,20.05,7.10,0.00
2024-09-21,12.36,16.25,9.10,2.30
2024-09-22,12.31,15.50,8.95,5.50
2024-09-23,14.15,20.95,9.15,0.10
2024-09-24,14.14,22.55,7.35,0.00
2024-09-25,14.64,21.80,8.45,0.00
2024-09-26,15.16,21.85,9.05,0.00
2024-09-27,14.67,22.30,9.15,1.20
2024-09-28,12.36,15.45,10.60,10.10
2024-09-29,12.98,18.60,10.20,7.60
2024-09-30,13.78,19.60,9.45,3.20
2024-10-01,14.03,19.95,9.05,0.10
2024-10-02,13.05,20.00,8.40,9.80
2024-10-03,13.69,19.10,9.00,0.60
2024-10-04,13.67,19.10,9.50,4.00
2024-10-05,14.36,18.80,11.05,0.00
2024-10-06,13.86,18.55,11.00,0.40
2024-10-07,13.61,19.95,8.00,0.70
2024-10-08,13.66,19.45,10.95,12.60
2024-10-09,13.82,18.35,10.25,14.50
2024-10-10,14.14,19.65,10.15,5.70
2024-10-11,14.08,19.70,8.65,0.30
2024-10-12,14.69,20.65,9.35,0.00
2024-10-13,13.55,18.60,9.80,1.00
2024-10-14,13.39,20.30,8.30,0.50
2024-10-15,13.70,19.15,10.40,0.60
2024-10-16,14.65,21.85,8.10,0.00
2024-10-17,15.24,22.60,10.05,0.00
2024-10-18,15.18,22.05,9.05,0.00
2024-10-19,16.44,24.80,8.60,0.00
2024-10-20,16.36,24.75,8.85,0.00
2024-10-21,15.69,24.85,7.35,0.30
2024-10-22,16.27,25.35,8.25,0.60
2024-10-23,16.03,22.95,11.20,5.30
2024-10-24,16.24,23.40,10.50,0.00
2024-10-25,16.70,24.65,9.35,0.00
2024-10-26,16.81,24.20,9.85,0.00
2024-10-27,16.45,23.35,10.70,3.90
2024-10-28,12.83,14.55,11.00,16.00
2024-10-29,14.13,18.00,11.55,7.10
2024-10-30,14.16,19.35,9.95,5.30
2024-10-31,13.64,20.60,9.85,2.60
2024-11-01,14.19,22.40,8.75,3.70
2024-11-02,14.71,21.10,9.45,0.10
2024-11-03,14.63,20.50,10.25,0.00
2024-11-04,15.69,23.35,9.75,0.00
2024-11-05,15.10,22.60,9.15,0.00
2024-11-06,15.42,23.65,9.60,0.10
2024-11-07,16.14,25.10,10.00,0.00
2024-11-08,15.97,24.50,9.95,0.00
2024-11-09,15.85,24.40,9.30,0.00
2024-11-10,16.02,23.20,10.70,0.00
2024-11-11,16.54,24.90,9.70,0.00
2024-11-12,16.01,23.55,10.50,0.00
2024-11-13,15.77,24.10,10.75,0.20
2024-11-14,15.82,23.30,10.40,0.00
2024-11-15,15.68,24.90,6.20,0.10
2024-11-16,15.69,24.35,10.10,5.30
2024-11-17,15.63,24.75,11.35,5.60
2024-11-18,15.82,23.75,9.50,0.10
2024-11-19,15.90,24.30,9.45,0.00
2024-11-20,15.94,24.85,7.95,0.00
2024-11-21,14.40,22.80,10.75,6.80
2024-11-22,14.44,22.60,10.45,1.60
2024-11-23,15.48,22.95,9.75,0.20
2024-11-24,15.37,23.20,10.50,3.20
2024-11-25,15.79,22.70,9.80,0.10
2024-11-26,15.63,24.25,8.15,0.40
2024-11-27,15.94,24.25,9.65,0.20
2024-11-28,15.04,21.25,10.00,0.00
2024-11-29,15.02,21.50,9.90,0.00
2024-11-30,14.87,21.15,9.50,0.80
2024-12-01,14.99,23.85,6.95,0.00
2024-12-02,15.19,24.05,7.45,0.70
2024-12-03,15.59,23.40,8.75,3.60
2024-12-04,15.90,22.80,9.65,0.20
2024-12-05,15.65,24.30,8.45,0.40
2024-12-06,15.04,22.35,10.40,8.90
2024-12-07,13.80,20.85,9.70,4.50
2024-12-08,14.38,20.65,10.10,1.00
2024-12-09,15.27,21.35,11.15,0.40
2024-12-10,14.89,19.50,11.65,1.00
2024-12-11,14.55,20.40,10.85,4.10
2024-12-12,14.89,22.50,9.95,1.80
2024-12-13,14.99,23.40,8.90,4.80
2024-12-14,14.64,21.95,10.35,7.20
2024-12-15,15.53,22.70,10.15,0.20
2024-12-16,15.48,22.75,11.10,0.40
2024-12-17,15.40,21.15,11.95,2.30
2024-12-18,15.32,22.00,11.05,0.90
2024-12-19,15.26,21.70,10.15,0.20
2024-12-20,14.50,20.65,9.80,1.50
2024-12-21,14.49,21.75,8.50,1.60
2024-12-22,15.52,22.90,9.80,1.10
2024-12-23,14.85,20.20,10.45,3.60
2024-12-24,14.89,21.60,7.70,0.10
2024-12-25,14.86,22.50,8.55,2.90
2024-12-26,14.79,22.75,9.45,2.10
2024-12-27,14.22,20.90,10.55,9.20
2024-12-28,14.28,21.00,11.15,6.60
2024-12-29,13.46,18.10,10.35,8.00
2024-12-30,13.37,19.55,9.40,3.50
2024-12-31,14.11,19.70,10.00,1.10
2025-01-01,14.14,19.85,9.70,1.60
2025-01-02,14.17,20.85,8.30,0.00
2025-01-03,12.94,17.85,8.40,1.10
2025-01-04,13.91,19.30,9.90,1.10
2025-01-05,14.20,20.70,8.60,0.60
2025-01-06,14.71,21.75,9.20,0.40
2025-01-07,14.13,21.55,8.30,2.90
2025-01-08,14.38,21.15,10.60,6.80
2025-01-09,14.10,20.25,10.45,6.60
2025-01-10,15.42,22.10,11.25,0.00
2025-01-11,14.69,21.30,10.00,0.00
2025-01-12,14.27,20.70,10.05,0.10
2025-01-13,13.59,21.15,7.05,0.00
2025-01-14,15.13,24.30,8.05,0.00
2025-01-15,14.11,23.90,6.80,2.70
2025-01-16,14.08,21.85,8.75,0.80
2025-01-17,13.36,21.50,8.40,9.70
2025-01-18,13.74,20.70,8.60,1.10
2025-01-19,14.71,23.00,8.90,0.40
2025-01-20,14.53,21.80,10.50,6.00
2025-01-21,14.67,21.65,9.80,3.80
2025-01-22,14.58,20.90,9.05,0.30
2025-01-23,14.35,21.70,8.85,0.00
2025-01-24,14.16,20.85,8.35,0.10
2025-01-25,13.81,18.05,10.25,1.50
2025-01-26,14.26,20.55,10.65,1.90
2025-01-27,15.06,22.20,11.10,1.80
2025-01-28,14.69,21.00,11.35,7.70
2025-01-29,13.44,17.40,10.60,4.00
2025-01-30,14.99,20.50,11.35,1.70
2025-01-31,15.34,21.75,10.40,0.40
2025-02-01,15.65,22.65,9.70,0.70
2025-02-02,15.68,23.05,8.55,0.00
2025-02-03,16.39,23.35,10.85,0.30
2025-02-04,15.53,21.45,10.60,1.00
2025-02-05,16.11,23.35,11.30,0.50
2025-02-06,15.16,21.50,8.40,0.00
2025-02-07,15.35,22.05,11.75,13.60
2025-02-08,14.06,19.10,11.00,7.00
2025-02-09,15.28,22.50,10.85,7.30
2025-02-10,14.50,22.40,9.00,12.30
2025-02-11,13.69,18.70,11.50,18.20
2025-02-12,13.82,20.85,9.25,11.30
2025-02-13,13.68,17.80,10.85,4.90
2025-02-14,13.83,20.30,10.00,14.30
2025-02-15,14.08,20.10,9.10,1.60
2025-02-16,14.06,20.70,9.70,5.40
2025-02-17,13.39,18.60,9.55,4.20
2025-02-18,13.46,18.30,10.35,9.00
2025-02-19,13.75,18.15,9.40,2.20
2025-02-20,13.07,17.90,8.55,0.80
2025-02-21,13.29,17.90,10.20,1.70
2025-02-22,13.73,18.90,10.60,3.00
2025-02-23,13.46,19.60,8.95,12.00
2025-02-24,14.07,19.55,11.25,4.80
2025-02-25,14.34,20.40,10.15,3.80
2025-02-26,13.56,18.50,9.35,6.00
2025-02-27,13.36,19.65,6.50,2.90
2025-02-28,13.96,19.30,9.35,10.30
2025-03-01,14.36,21.80,9.90,6.00
2025-03-02,14.19,20.05,10.60,13.20
2025-03-03,13.55,19.55,10.85,9.10
2025-03-04,13.14,18.45,9.90,6.00
2025-03-05,11.75,13.00,10.65,22.10
2025-03-06,12.24,14.95,10.45,8.40
2025-03-07,13.36,20.75,8.75,2.80
2025-03-08,13.47,19.80,7.55,7.40
2025-03-09,12.31,15.65,8.10,9.00
2025-03-10,14.07,21.30,7.75,0.20
2025-03-11,13.78,19.95,9.45,3.20
2025-03-12,13.63,19.80,9.60,4.60
2025-03-13,12.88,20.40,8.75,23.70
2025-03-14,13.34,20.60,8.55,15.10
2025-03-15,12.06,13.75,9.75,11.20
2025-03-16,13.99,20.15,9.65,0.50
2025-03-17,12.60,18.00,8.25,6.30
2025-03-18,13.40,20.05,9.55,8.80
2025-03-19,13.89,21.50,8.20,0.00
2025-03-20,14.30,20.25,11.15,4.00
2025-03-21,14.70,20.90,11.40,4.40
2025-03-22,14.47,19.30,10.55,2.10
2025-03-23,14.37,19.30,11.20,1.50
2025-03-24,14.32,20.15,10.45,1.80
2025-03-25,14.04,19.80,10.00,10.00
2025-03-26,13.92,20.05,11.00,9.80
2025-03-27,13.97,19.00,9.45,3.50
2025-03-28,13.54,19.30,9.95,6.30
2025-03-29,13.88,19.15,10.35,9.50
2025-03-30,12.99,19.40,9.05,10.10
2025-03-31,14.26,20.20,10.60,3.00
2025-04-01,13.53,19.70,9.15,15.90
2025-04-02,14.14,20.00,10.50,4.90
2025-04-03,13.80,18.90,10.55,7.80
2025-04-04,13.65,21.05,10.05,13.00
2025-04-05,14.01,19.50,11.45,13.90
2025-04-06,13.68,18.40,10.80,5.50
2025-04-07,13.64,20.20,9.95,7.50
2025-04-08,13.71,18.25,10.75,9.70
2025-04-09,13.51,18.95,10.10,9.50
2025-04-10,13.81,18.55,10.60,7.70
2025-04-11,13.19,18.05,10.20,4.70
2025-04-12,13.57,19.90,8.90,12.10
2025-04-13,14.00,19.00,10.70,0.30
2025-04-14,13.92,19.50,8.95,0.40
2025-04-15,13.84,19.85,8.45,0.00
2025-04-16,13.90,20.50,7.00,0.60
2025-04-17,13.75,19.75,8.95,1.10
2025-04-18,14.63,21.50,9.95,0.10
2025-04-19,14.27,21.80,7.10,0.50
2025-04-20,14.46,20.05,10.10,2.50
2025-04-21,14.44,21.80,9.15,1.20
2025-04-22,14.08,21.35,8.25,2.70
2025-04-23,14.14,21.90,8.80,3.60
2025-04-24,13.55,19.25,8.95,2.40
2025-04-25,13.69,20.15,8.75,2.40
2025-04-26,13.71,19.90,7.85,4.90
2025-04-27,14.47,19.95,10.30,11.70
2025-04-28,12.25,14.75,10.00,4.40
2025-04-29,13.97,19.75,9.30,3.80
2025-04-30,13.55,18.55,9.70,12.80
2025-05-01,13.38,17.30,10.85,10.40
2025-05-02,12.74,18.10,8.50,12.10
2025-05-03,13.13,18.95,9.05,10.40
2025-05-04,13.43,19.10,10.60,7.60
2025-05-05,12.33,15.40,10.80,13.40
2025-05-06,12.99,17.05,10.80,5.70
2025-05-07,12.83,19.50,8.30,1.50
2025-05-08,12.11,16.80,8.90,1.90
2025-05-09,13.00,18.55,8.65,1.30
2025-05-10,13.27,17.55,10.65,5.80
2025-05-11,12.39,15.60,10.25,11.60
2025-05-12,12.15,14.80,10.25,20.70
2025-05-13,13.01,18.15,10.00,3.50
2025-05-14,13.16,18.00,10.05,21.60
2025-05-15,12.39,15.70,10.60,9.80
2025-05-16,12.62,16.40,10.55,16.50
2025-05-17,13.29,20.45,10.50,8.30
2025-05-18,13.42,18.60,10.55,1.70
2025-05-19,12.54,18.15,8.40,3.30
2025-05-20,13.75,19.25,9.90,1.00
2025-05-21,13.25,17.40,10.45,1.70
2025-05-22,13.78,19.50,8.85,1.00
2025-05-23,13.35,18.20,10.70,1.30
2025-05-24,11.89,14.55,9.45,7.60
2025-05-25,11.94,14.45,10.05,11.00
2025-05-26,12.92,17.65,10.00,8.10
2025-05-27,13.83,20.55,9.15,0.80
2025-05-28,13.88,18.70,10.05,1.80
2025-05-29,13.78,18.90,10.85,2.50
2025-05-30,12.71,17.50,9.70,11.30
2025-05-31,12.94,16.85,10.75,33.60
2025-06-01,13.68,20.35,9.00,0.70
2025-06-02,13.43,20.30,8.40,0.00
2025-06-03,12.03,15.70,9.80,6.40
2025-06-04,11.89,15.30,9.60,5.00
2025-06-05,12.27,15.90,9.70,5.20
2025-06-06,12.18,16.15,10.00,4.50
2025-06-07,13.68,19.95,9.95,0.60
2025-06-08,12.37,16.85,8.50,2.00
2025-06-09,13.08,18.35,8.80,2.90
2025-06-10,11.57,17.15,8.65,11.80
2025-06-11,12.70,19.70,6.90,0.50
2025-06-12,12.54,17.85,8.90,13.00
2025-06-13,13.02,20.10,8.60,0.30
2025-06-14,13.18,20.70,8.10,4.20
2025-06-15,14.03,20.35,10.25,0.60
2025-06-16,13.00,18.15,9.85,0.70
2025-06-17,13.53,18.55,9.70,0.80
2025-06-18,12.17,15.70,9.95,14.80
2025-06-19,12.26,16.70,9.15,2.50
2025-06-20,11.67,14.70,8.70,4.80
2025-06-21,11.47,14.40,9.75,11.60
2025-06-22,12.67,18.75,8.60,0.10
2025-06-23,13.03,20.05,7.20,0.10
2025-06-24,12.86,19.20,7.80,0.70
2025-06-25,13.49,19.05,9.90,0.50
2025-06-26,12.82,19.05,8.85,1.70
2025-06-27,12.25,17.65,9.30,2.60
2025-06-28,13.06,19.30,8.80,0.40
2025-06-29,12.50,18.15,7.15,0.10
2025-06-30,12.23,16.45,9.90,9.40
2025-07-01,11.43,14.45,9.90,12.00
2025-07-02,10.38,11.95,9.15,26.80
2025-07-03,10.91,16.25,8.25,8.50
2025-07-04,10.65,15.10,8.10,0.60
2025-07-05,11.33,17.30,7.90,0.50
2025-07-06,11.74,18.15,7.50,0.00
2025-07-07,12.55,19.30,6.15,0.10
2025-07-08,11.91,15.65,9.65,1.80
2025-07-09,10.79,12.55,9.45,11.50
2025-07-10,10.80,13.45,8.85,11.50
2025-07-11,10.82,13.20,9.05,10.10
2025-07-12,10.54,13.00,8.90,14.20
2025-07-13,10.33,12.40,8.90,9.40
2025-07-14,9.88,12.45,8.05,3.50
2025-07-15,11.53,17.75,7.05,1.70
2025-07-16,12.30,19.25,6.65,0.10
2025-07-17,13.09,18.65,9.35,2.40
2025-07-18,12.18,16.20,9.90,7.30
2025-07-19,12.21,15.85,9.80,3.90
2025-07-20,12.83,19.30,9.50,1.50
2025-07-21,11.75,17.20,7.75,1.30
2025-07-22,13.16,19.00,9.20,2.10
2025-07-23,13.38,20.25,8.55,0.20
2025-07-24,13.10,18.65,9.80,3.20
2025-07-25,13.31,20.40,8.70,0.00
2025-07-26,13.40,20.60,8.70,0.00
2025-07-27,13.10,19.90,8.30,0.00
2025-07-28,13.07,19.35,8.15,0.10
2025-07-29,13.10,19.10,8.95,0.60
2025-07-30,12.80,20.05,7.35,0.00
2025-07-31,13.23,20.65,6.75,0.00
2025-08-01,13.77,20.90,8.95,0.20
2025-08-02,12.82,17.45,9.25,1.30
2025-08-03,12.31,17.65,9.50,5.20
2025-08-04,11.01,14.15,8.85,5.60
2025-08-05,10.66,15.70,6.95,2.80
2025-08-06,11.64,16.70,8.05,0.50
2025-08-07,12.56,20.75,5.55,0.00
2025-08-08,12.78,22.10,5.80,2.20
2025-08-09,13.31,19.65,8.90,0.00
2025-08-10,12.34,18.55,9.00,0.90
2025-08-11,12.78,17.75,9.85,3.80
2025-08-12,13.13,19.20,9.15,0.40
2025-08-13,12.87,18.70,8.45,1.10
2025-08-14,12.49,17.95,8.70,1.60
2025-08-15,10.84,13.30,8.35,5.80
2025-08-16,12.31,18.50,8.30,1.20
2025-08-17,12.40,19.85,7.15,0.90
2025-08-18,11.84,15.35,8.35,2.40
2025-08-19,13.18,21.05,6.25,0.00
2025-08-20,13.42,20.15,7.80,0.00
2025-08-21,13.21,20.05,7.35,0.30
2025-08-22,12.61,18.55,8.45,2.30
2025-08-23,13.55,21.00,8.00,0.30
2025-08-24,14.11,20.60,9.60,0.60
2025-08-25,12.00,15.75,9.00,2.80
2025-08-26,13.82,21.35,8.90,0.30
2025-08-27,14.27,20.40,9.90,4.30
2025-08-28,12.96,17.75,9.45,0.70
2025-08-29,13.47,20.80,8.85,0.50
2025-08-30,13.15,21.35,7.15,0.00
2025-08-31,13.96,21.20,7.70,0.70
2025-09-01,14.83,21.10,10.35,1.10
2025-09-02,12.16,16.05,9.80,4.20
2025-09-03,12.45,19.60,7.05,0.30
2025-09-04,13.06,19.80,7.90,0.50
2025-09-05,13.06,20.85,7.85,0.60
2025-09-06,12.56,18.25,8.30,2.10
2025-09-07,13.23,19.45,9.85,1.90
2025-09-08,13.56,20.90,8.10,0.00
2025-09-09,13.54,19.30,8.45,0.40
2025-09-10,13.59,19.10,10.40,0.30
2025-09-11,13.21,19.20,9.35,2.10
2025-09-12,14.08,20.90,9.80,2.40
2025-09-13,13.85,20.30,10.05,1.40
2025-09-14,13.67,22.10,7.05,0.00
2025-09-15,12.32,17.25,8.20,1.20
2025-09-16,13.41,18.90,10.00,2.50
2025-09-17,13.19,19.70,9.55,12.70
2025-09-18,13.81,21.25,9.05,1.70
2025-09-19,12.88,19.45,9.70,11.50
2025-09-20,12.82,18.95,9.65,9.40
2025-09-21,13.64,21.95,8.30,2.70
2025-09-22,12.81,22.50,7.20,6.60
2025-09-23,13.08,20.90,6.35,0.00
2025-09-24,13.82,20.10,9.05,0.40
2025-09-25,13.99,20.55,10.15,4.20
2025-09-26,12.88,18.80,9.65,3.10
2025-09-27,13.58,20.35,8.00,0.30
2025-09-28,13.01,20.55,8.35,7.00
2025-09-29,13.48,20.95,8.75,4.20
2025-09-30,13.55,20.15,8.90,7.80
2025-10-01,13.01,17.90,9.50,9.40
2025-10-02,12.89,18.50,8.55,0.90
2025-10-03,12.69,17.65,8.70,0.70
2025-10-04,13.23,18.95,9.45,5.00
2025-10-05,13.44,21.15,6.90,0.00
2025-10-06,11.94,18.55,8.05,1.40
2025-10-07,13.25,19.70,7.60,5.70
2025-10-08,13.52,19.75,9.15,2.70
2025-10-09,13.75,21.80,9.45,4.70
2025-10-10,12.91,17.40,10.05,12.50
2025-10-11,13.52,20.15,9.60,0.70
2025-10-12,12.91,19.50,7.80,2.50
2025-10-13,12.08,16.80,9.25,7.60
2025-10-14,12.88,20.00,9.05,21.20
2025-10-15,13.50,20.40,7.15,0.80
2025-10-16,13.88,21.30,10.30,4.00
2025-10-17,13.20,18.70,9.90,10.80
2025-10-18,13.68,19.90,9.05,0.20
2025-10-19,13.51,20.05,8.85,0.60
2025-10-20,13.50,20.45,9.00,0.50
2025-10-21,13.71,20.65,9.00,3.20
2025-10-22,14.13,21.60,8.40,5.10
2025-10-23,13.30,19.35,10.25,5.90
2025-10-24,13.19,18.50,9.90,2.40
2025-10-25,13.76,20.65,8.45,3.00
2025-10-26,14.14,20.15,9.70,0.50
2025-10-27,14.09,20.35,9.35,14.80
2025-10-28,14.70,20.25,10.95,0.30
2025-10-29,11.68,13.95,8.70,8.90
2025-10-30,13.22,19.90,9.00,1.20
2025-10-31,13.67,19.60,9.20,7.90
2025-11-01,13.78,20.60,8.90,1.30
2025-11-02,14.53,21.10,9.60,1.10
2025-11-03,14.20,19.85,10.30,4.50
2025-11-04,13.73,18.95,8.80,0.00
2025-11-05,12.07,15.85,10.55,14.20
2025-11-06,12.46,18.45,8.90,4.80
2025-11-07,13.26,21.90,7.15,2.00
2025-11-08,13.50,21.45,6.25,0.30
2025-11-09,14.60,20.40,9.80,0.10
2025-11-10,14.18,19.10,10.30,4.60
2025-11-11,13.50,19.25,8.85,2.90
2025-11-12,14.12,22.60,7.10,0.10
2025-11-13,13.55,20.95,7.00,1.40
2025-11-14,13.76,19.25,9.85,11.30
2025-11-15,12.34,17.60,7.10,4.30
2025-11-16,12.49,15.65,10.40,3.30
2025-11-17,13.86,19.60,9.10,0.20
2025-11-18,13.63,19.45,9.50,0.30
2025-11-19,14.04,21.65,8.80,6.10
2025-11-20,14.14,23.25,9.00,1.40
2025-11-21,13.56,21.95,7.25,0.10
2025-11-22,14.94,20.55,10.30,0.90
2025-11-23,13.67,19.10,9.40,0.50
2025-11-24,13.97,19.85,8.95,0.90
2025-11-25,13.81,18.50,9.65,0.30
2025-11-26,14.31,20.00,10.60,1.70
2025-11-27,14.70,20.25,10.15,1.20
2025-11-28,13.32,19.90,9.30,5.00
2025-11-29,13.92,21.00,7.00,1.10
2025-11-30,14.78,21.45,10.15,2.70
2025-12-01,14.40,22.55,8.90,0.10
2025-12-02,13.45,22.90,5.70,0.00
2025-12-03,13.64,23.30,6.20,0.00
2025-12-04,13.46,22.70,7.05,0.00
2025-12-05,13.40,23.35,5.75,0.00
2025-12-06,14.22,23.85,7.00,0.00
2025-12-07,13.66,23.45,5.65,0.00
2025-12-08,14.03,23.90,6.25,0.00
2025-12-09,14.36,24.55,5.70,0.00
2025-12-10,14.57,21.90,8.50,0.00
2025-12-11,14.99,21.90,7.35,0.20
2025-12-12,15.40,22.55,8.55,0.00
2025-12-13,15.74,22.40,9.60,0.50
2025-12-14,15.97,22.55,10.80,0.40
2025-12-15,15.35,23.85,8.25,0.90
2025-12-16,15.70,22.80,10.00,0.20
2025-12-17,15.41,22.70,9.15,0.00
2025-12-18,15.67,22.50,9.95,0.00
2025-12-19,14.97,23.70,7.25,1.60
2025-12-20,15.28,22.00,9.45,0.90
2025-12-21,15.33,23.55,8.05,0.00
2025-12-22,15.30,24.40,7.70,0.60
2025-12-23,16.77,25.40,7.85,0.00
2025-12-24,16.52,25.25,9.90,0.00
2025-12-25,14.96,23.45,7.15,0.40
2025-12-26,15.25,22.85,7.70,2.00
2025-12-27,14.43,22.75,8.25,0.30
2025-12-28,14.90,21.15,10.65,0.00
2025-12-29,14.49,22.80,7.15,0.00
2025-12-30,15.01,21.25,9.75,0.80
2025-12-31,14.85,20.90,10.95,1.30
2026-01-01,14.23,18.95,11.30,2.60
2026-01-02,15.05,21.80,9.40,0.20
2026-01-03,14.89,22.75,8.75,0.20
2026-01-04,15.15,22.75,9.45,0.10
2026-01-05,14.55,21.50,7.50,3.60
2026-01-06,13.84,18.40,10.70,2.80
2026-01-07,14.99,21.90,9.50,0.90
2026-01-08,15.12,22.90,9.90,8.60
2026-01-09,13.75,16.55,10.30,3.90
2026-01-10,14.40,20.65,10.45,1.80
2026-01-11,14.62,20.55,11.15,5.60
2026-01-12,14.01,18.90,10.20,4.70
2026-01-13,14.63,21.50,8.90,3.90
2026-01-14,13.54,17.85,10.10,1.40
2026-01-15,14.44,19.30,10.75,1.20
2026-01-16,14.31,21.15,8.30,0.60
2026-01-17,14.31,19.35,10.50,2.90
2026-01-18,14.96,21.75,8.85,0.20
2026-01-19,15.40,22.25,9.10,0.10
2026-01-20,14.92,23.10,8.50,1.00
2026-01-21,15.71,23.60,8.90,0.40
2026-01-22,14.67,20.90,11.00,5.30
2026-01-23,15.18,21.20,10.55,3.70
2026-01-24,15.07,21.90,10.80,4.90
2026-01-25,14.95,21.00,10.40,2.20
2026-01-26,14.56,21.40,10.20,0.70
2026-01-27,14.14,21.75,8.75,1.30
2026-01-28,13.74,20.95,9.50,5.00
2026-01-29,13.84,20.55,10.10,2.20
2026-01-30,14.59,20.10,10.95,2.40
2026-01-31,14.24,19.85,11.05,2.60
2026-02-01,13.20,17.70,10.20,5.10
2026-02-02,13.18,16.60,11.45,4.90
2026-02-03,13.98,20.35,9.30,2.30
2026-02-04,14.11,20.15,8.95,0.30
2026-02-05,14.00,20.70,8.45,1.80
2026-02-06,13.94,21.95,9.20,3.70
2026-02-07,12.05,15.10,10.15,8.10
2026-02-08,13.80,20.30,7.00,0.00
2026-02-09,14.29,21.25,7.70,0.30
2026-02-10,13.70,21.45,7.10,4.00
2026-02-11,14.65,21.85,8.95,0.20
2026-02-12,15.19,21.15,10.50,1.30
2026-02-13,13.71,18.20,11.40,11.20
2026-02-14,14.02,20.90,8.95,2.00
2026-02-15,13.92,19.75,9.65,10.20
2026-02-16,14.19,20.70,8.50,0.50
2026-02-17,13.58,17.70,9.35,0.40
2026-02-18,13.57,19.25,9.50,1.60
2026-02-19,13.28,18.10,10.30,5.00
2026-02-20,14.12,19.70,9.30,1.10
2026-02-21,13.89,18.75,9.45,0.80
2026-02-22,14.95,20.30,10.55,0.40
2026-02-23,14.00,20.05,9.05,4.90
2026-02-24,13.49,20.20,10.15,12.70
2026-02-25,11.96,14.05,10.50,11.60
2026-02-26,13.68,19.25,9.05,0.90
2026-02-27,13.85,20.60,8.65,2.30
2026-02-28,14.68,21.80,9.20,0.70
2026-03-01,16.23,24.05,10.50,0.70
2026-03-02,15.94,22.20,10.10,0.10
2026-03-03,15.62,21.55,11.80,0.30
2026-03-04,15.78,22.65,10.20,1.40
2026-03-05,15.15,20.35,11.55,2.70
2026-03-06,15.54,22.25,10.75,1.20
2026-03-07,16.05,22.55,10.90,0.20
2026-03-08,16.31,22.80,10.80,0.40
2026-03-09,15.15,19.95,11.20,15.40
2026-03-10,15.09,21.65,11.75,4.80
2026-03-11,14.23,19.80,10.85,9.60
2026-03-12,13.86,18.25,11.50,23.80
2026-03-13,14.72,20.25,11.25,3.90
2026-03-14,14.15,20.95,9.50,1.30
2026-03-15,15.10,23.05,8.45,0.30
2026-03-16,15.22,24.45,6.85,0.20
2026-03-17,14.48,22.55,8.10,0.30
2026-03-18,14.72,22.10,9.25,0.00
2026-03-19,14.76,24.00,6.45,0.00
2026-03-20,14.77,23.10,6.90,0.10
2026-03-21,14.58,22.20,8.05,0.00
2026-03-22,15.19,23.40,6.30,0.00
2026-03-23,15.22,21.70,9.55,1.20
2026-03-24,15.27,21.65,11.10,3.70
2026-03-25,15.05,22.30,9.40,0.20
2026-03-26,15.33,22.25,9.60,0.20
2026-03-27,15.81,21.95,11.10,1.10
2026-03-28,16.03,23.10,10.65,0.40
2026-03-29,15.78,23.80,9.65,0.10
2026-03-30,14.66,21.90,10.90,2.20
2026-03-31,14.44,23.20,10.25,6.60
2026-04-01,15.74,24.25,7.90,0.00
2026-04-02,15.67,24.00,7.25,0.00
2026-04-03,15.74,22.05,10.70,0.00
2026-04-04,15.67,21.40,11.25,1.60
2026-04-05,14.13,20.10,10.60,4.70
2026-04-06,14.66,20.55,11.45,4.10
2026-04-07,15.25,20.55,11.80,6.20
2026-04-08,14.25,19.25,11.60,7.40
2026-04-09,14.53,20.20,10.80,1.70
2026-04-10,14.30,20.45,8.55,0.20
2026-04-11,14.87,22.10,8.50,1.50
2026-04-12,15.68,22.90,10.20,0.40
2026-04-13,15.04,21.60,10.15,0.10
2026-04-14,14.88,23.35,8.30,2.30
2026-04-15,15.12,22.20,10.95,15.50
2026-04-16,14.67,21.40,11.15,12.20
2026-04-17,13.06,17.05,10.40,10.40
2026-04-18,14.51,22.10,9.10,0.30
2026-04-19,13.73,21.90,7.35,0.10
2026-04-20,13.35,20.15,7.60,0.00
2026-04-21,13.52,20.70,7.65,0.00
2026-04-22,13.82,21.45,6.70,0.00
2026-04-23,14.24,21.85,8.80,0.00
2026-04-24,13.66,22.40,7.30,3.10
2026-04-25,13.88,21.95,7.15,1.30
2026-04-26,13.54,19.90,10.45,9.50
2026-04-27,12.77,18.95,9.30,4.20
2026-04-28,14.23,20.25,9.35,1.30
2026-04-29,14.22,20.95,8.45,0.70
2026-04-30,15.07,21.35,9.65,0.70
2026-05-01,13.52,17.55,10.20,1.80
2026-05-02,12.61,16.70,10.55,11.70
2026-05-03,12.65,15.70,10.70,7.80
2026-05-04,13.01,16.75,10.75,7.30
2026-05-05,14.35,19.60,9.90,1.70
2026-05-06,13.76,18.15,10.85,8.10
2026-05-07,14.22,20.15,10.35,2.60
2026-05-08,14.35,20.80,9.05,0.40
2026-05-09,14.91,21.35,9.75,0.40
2026-05-10,14.88,19.20,12.05,2.10
2026-05-11,13.49,16.45,11.65,9.60
2026-05-12,14.05,19.05,11.30,11.00
2026-05-13,14.07,20.70,10.60,6.30
2026-05-14,14.65,22.20,9.25,0.70
2026-05-15,14.58,21.35,9.55,0.10
2026-05-16,13.97,19.65,10.40,4.30
2026-05-17,14.14,18.90,11.75,4.70
2026-05-18,14.93,20.95,11.05,3.60
2026-05-19,14.76,19.10,11.20,7.20
2026-05-20,15.53,22.05,10.55,4.20
2026-05-21,13.85,17.95,11.65,23.90
2026-05-22,14.14,18.75,10.80,5.80
2026-05-23,14.52,19.95,11.05,4.30
2026-05-24,15.23,21.70,10.35,0.50
2026-05-25,14.83,20.85,10.75,1.10
2026-05-26,14.73,21.05,9.10,2.60
2026-05-27,14.84,21.35,9.80,3.50
2026-05-28,14.43,19.25,11.45,8.20
2026-05-29,15.14,21.15,10.00,2.10
2026-05-30,14.34,19.15,11.10,5.00
2026-05-31,14.84,19.30,11.75,3.90
2026-06-01,14.65,19.65,10.95,3.10
2026-06-02,14.32,19.40,11.35,3.10
2026-06-03,13.75,17.40,11.30,8.10
2026-06-04,13.26,17.55,10.75,5.50
2026-06-05,13.31,17.60,11.35,4.40
2026-06-06,13.16,17.20,11.35,2.10
2026-06-07,13.44,18.00,9.85,0.90
2026-06-08,14.21,19.40,10.35,4.30
2026-06-09,12.74,17.20,9.70,28.00
2026-06-10,14.30,21.75,7.40,0.00
2026-06-11,14.63,23.30,8.75,0.00
2026-06-12,14.14,21.05,8.35,0.70
2026-06-13,14.17,18.75,10.95,2.40
2026-06-14,13.20,16.90,10.75,6.80
2026-06-15,13.91,19.95,9.10,2.50
2026-06-16,13.60,18.90,10.45,0.80
2026-06-17,13.25,18.05,10.05,3.00
2026-06-18,12.16,16.30,8.35,2.00
2026-06-19,13.69,20.10,9.15,0.40
2026-06-20,12.92,16.95,9.20,2.60
2026-06-21,13.23,18.80,9.75,2.70
2026-06-22,13.66,19.40,8.50,1.00
2026-06-23,14.74,21.15,10.10,0.90
2026-06-24,14.25,22.80,7.25,0.10
2026-06-25,14.87,20.85,9.75,0.80
2026-06-26,13.86,17.20,10.30,4.50
2026-06-27,13.18,17.30,10.80,12.00
2026-06-28,13.85,20.05,10.05,2.90
2026-06-29,13.44,19.85,8.50,1.50
2026-06-30,13.91,18.70,11.10,3.40
2026-07-01,13.33,16.60,11.20,6.50
2026-07-02,13.09,17.25,10.90,7.60
2026-07-03,11.40,14.10,8.65,6.50
2026-07-04,12.90,17.90,10.00,5.00
2026-07-05,14.67,20.90,11.10,2.30
2026-07-06,14.69,20.80,9.95,0.80
2026-07-07,14.44,20.15,9.95,3.60
2026-07-08,14.73,20.45,11.15,3.30
2026-07-09,14.55,20.20,10.90,2.80
2026-07-10,13.81,19.55,10.95,2.20
2026-07-11,14.11,19.40,10.05,1.40
2026-07-12,12.07,15.75,8.05,1.60
2026-07-13,14.54,20.15,10.85,2.10
2026-07-14,14.49,21.10,9.70,3.60
2026-07-15,14.11,20.80,9.60,1.80
2026-07-16,15.30,21.15,10.95,2.40
2026-07-17,14.07,18.30,11.25,11.60
2026-07-18,13.54,18.35,10.15,4.40
2026-07-19,13.68,19.30,9.70,2.70
2026-07-20,13.26,19.90,7.75,0.40
2026-07-21,13.55,21.00,7.15,0.40
2026-07-22,14.46,20.35,8.90,0.20
2026-07-23,13.80,17.20,11.45,5.40
2026-07-24,13.63,18.55,10.45,4.80
2026-07-25,13.19,19.00,9.25,2.00
2026-07-26,12.88,18.15,8.60,1.10
2026-07-27,13.88,19.90,9.55,2.20
2026-07-28,13.96,19.35,9.60,1.90
2026-07-29,14.02,21.65,7.90,0.00
2026-07-30,14.93,20.45,11.00,1.80
2026-07-31,14.18,18.75,10.90,6.00
2026-08-01,14.30,21.20,9.15,1.40
2026-08-02,14.11,18.90,10.00,2.20
2026-08-03,12.44,18.30,7.20,0.60
2026-08-04,13.17,18.50,10.00,4.50
2026-08-05,13.76,20.00,9.35,1.70
2026-08-06,14.11,20.35,10.20,1.80
2026-08-07,13.89,21.35,7.85,0.40
2026-08-08,14.40,21.35,9.45,0.50
2026-08-09,14.52,21.75,7.75,0.70
2026-08-10,14.56,19.65,10.20,1.00
2026-08-11,13.36,17.75,10.25,7.20
2026-08-12,14.50,21.35,10.10,3.00
2026-08-13,13.69,21.45,7.50,0.40
2026-08-14,13.06,21.35,5.85,0.30
2026-08-15,13.06,16.30,10.85,3.90
2026-08-16,13.35,17.30,10.75,14.00
2026-08-17,14.31,20.40,9.75,1.80
2026-08-18,14.78,21.55,10.30,0.00
2026-08-19,14.63,21.30,8.00,0.50
2026-08-20,14.20,20.50,9.00,0.10
2026-08-21,14.80,21.10,8.95,0.80
2026-08-22,14.64,20.60,8.30,0.70
2026-08-23,14.90,20.15,11.10,2.80
2026-08-24,14.43,18.00,11.55,2.10
2026-08-25,14.24,18.90,11.20,1.80
2026-08-26,14.31,21.55,6.95,0.70
2026-08-27,14.95,23.15,8.40,0.00
2026-08-28,13.65,18.80,9.50,4.20
2026-08-29,13.86,18.95,11.05,3.70
2026-08-30,12.67,17.45,9.95,3.90
2026-08-31,13.99,21.15,8.10,1.40
